"","observacion","ccaa","sexo","edad","nacion","preo.covid","preo.rusia","val.eco.esp","val.eco.per","fiscal1","fiscal2","fiscal3","pref.pres","prob.voto","fide.voto","inten.vot","inten.vot.alter","ideol","val.psanchez","val.afeijo","val.ydiaz","val.sabascal","val.iarrimad","val.ierrejon","conf.pte","conf.opo","participacion","recuer.voto","cerca.partido","escolar","niv.estudios","religion","frec.religio","e.civil","sit.lab","sit.prof","ingr.hogar","clase","estudios","pob.activa","clase.sub"
"1",1,1,1,62,1,4,1,4,2,2,2,4,2,10,3,2,5,7,2,8,3,6,7,1,3,2,1,5,5,3,9,4,0,1,2,0,3,3,6,12,2
"2",2,1,2,38,1,2,2,5,3,1,1,1,3,10,3,3,2,10,1,6,1,10,3,1,4,3,1,2,3,3,7,2,2,2,1,2,3,3,5,1,2
"3",3,1,1,43,1,4,3,4,2,2,4,2,2,10,2,2,3,8,4,6,4,5,4,3,4,2,1,2,2,3,10,2,2,1,1,1,2,3,6,10,2
"4",4,1,1,47,1,2,2,4,2,1,1,2,2,10,3,2,5,5,6,7,6,4,7,5,3,3,1,5,5,3,9,5,0,1,1,1,2,3,6,2,2
"5",5,1,2,37,1,1,1,5,4,4,1,1,10,10,3,1,8,3,5,1,8,1,3,8,3,4,1,4,8,3,10,6,0,2,1,1,6,3,6,3,2
"6",6,1,2,60,1,2,1,2,2,1,1,2,1,10,3,1,8,3,10,3,8,1,3,7,2,3,1,1,1,3,5,3,4,2,1,1,5,3,5,3,2
"7",7,1,2,42,1,2,2,2,2,1,4,1,2,8,3,2,5,7,6,7,5,4,8,5,3,3,1,5,2,3,7,2,2,1,7,0,5,3,5,14,2
"8",8,1,1,41,1,4,3,4,2,1,1,2,2,10,1,2,3,8,4,6,5,5,5,2,3,2,1,2,2,3,13,2,3,5,1,3,4,3,6,2,2
"9",9,1,1,44,2,5,2,5,4,2,2,5,3,10,1,3,2,7,1,5,1,10,4,1,4,2,1,3,3,3,11,5,0,5,1,1,4,3,6,5,2
"10",10,1,1,62,1,1,2,4,4,4,2,4,10,10,3,2,5,5,3,4,1,1,1,1,4,3,1,2,2,3,7,2,1,1,1,1,3,3,5,8,2
"11",11,1,2,39,1,1,4,4,2,4,5,2,9,8,3,2,5,5,2,4,3,6,7,3,4,2,1,2,5,3,9,2,2,2,1,1,3,3,6,3,2
"12",12,1,2,69,1,2,2,4,4,1,1,1,1,10,2,1,4,4,8,4,6,1,4,7,2,3,1,1,1,3,9,1,5,3,2,0,5,4,6,12,3
"13",13,1,2,66,1,2,2,4,2,1,1,2,2,10,1,2,3,8,3,8,6,6,7,2,4,2,2,0,2,3,11,1,3,1,2,0,3,3,6,12,2
"14",14,1,1,32,1,5,1,3,3,1,2,1,10,10,2,3,1,5,7,2,1,6,4,3,3,4,1,2,5,3,10,2,1,2,4,0,5,3,6,16,2
"15",15,1,1,54,1,3,2,5,2,1,5,1,2,10,3,2,3,7,1,9,5,8,4,1,4,2,2,0,2,3,2,2,1,1,1,1,2,3,2,6,2
"16",16,1,1,36,1,1,2,5,4,5,5,1,3,10,1,3,2,10,1,5,1,10,7,1,4,2,1,3,3,3,2,1,3,1,1,3,4,3,2,6,2
"17",17,1,2,20,1,4,2,4,4,2,2,2,1,10,2,1,4,4,6,3,3,1,4,10,2,3,3,0,1,3,6,1,3,2,4,0,5,4,4,16,3
"18",18,1,2,51,1,1,1,1,2,2,1,1,1,10,1,1,8,1,10,1,10,1,2,9,2,4,1,1,1,3,4,2,1,1,7,0,5,5,3,14,4
"19",19,1,1,51,1,2,1,4,3,2,2,2,2,10,3,2,5,8,2,8,8,5,3,3,3,2,1,2,2,3,7,1,4,1,1,1,5,3,5,7,2
"20",20,1,1,48,2,5,1,5,4,4,1,5,2,10,3,2,3,7,1,8,1,5,1,1,4,2,1,2,2,3,7,2,2,5,1,1,5,3,5,2,2
"21",21,1,1,41,1,4,3,5,2,1,2,4,8,10,3,2,5,7,4,4,5,4,7,4,4,4,1,2,5,3,12,6,0,1,1,1,4,3,6,2,2
"22",22,1,1,58,1,4,1,4,2,2,1,3,4,10,1,8,9,1,7,2,9,1,3,6,2,3,1,4,4,3,11,6,0,2,1,1,4,4,6,2,3
"23",23,1,2,49,1,5,2,4,2,1,1,1,2,10,3,2,1,5,6,8,5,1,1,3,3,2,1,1,1,3,9,2,3,1,1,1,4,3,6,3,2
"24",24,1,2,53,1,4,2,2,2,1,1,2,4,10,2,8,1,3,6,3,9,2,1,7,2,3,1,4,8,3,11,5,0,1,1,1,3,3,6,1,2
"25",25,1,2,61,1,1,1,5,2,1,2,4,4,10,3,1,2,6,2,5,7,1,4,3,3,2,1,1,1,3,9,2,2,1,2,0,2,3,6,12,2
"26",26,1,2,49,1,4,2,4,2,2,2,4,10,10,3,2,1,6,6,6,4,1,1,1,3,3,1,2,2,3,11,1,3,1,1,1,3,3,6,4,2
"27",27,1,1,29,1,4,3,2,2,2,1,1,4,10,2,8,1,3,8,4,10,1,3,6,2,4,1,4,4,3,7,6,0,1,1,1,5,5,5,4,4
"28",28,1,1,78,1,4,2,2,2,1,1,1,1,10,2,1,9,3,8,2,6,1,4,6,2,4,1,1,1,3,11,1,5,1,2,0,2,3,6,12,2
"29",29,1,1,45,1,2,2,5,2,2,5,2,9,0,2,2,3,5,1,7,1,7,8,1,4,2,2,0,2,3,5,5,0,2,1,3,4,3,5,3,2
"30",30,1,1,55,1,4,4,3,2,1,2,4,3,10,3,3,2,5,6,6,6,8,7,7,3,3,1,3,3,3,7,5,0,1,2,0,5,3,5,12,2
"31",31,1,2,31,1,1,2,4,2,1,1,2,2,0,3,2,1,5,8,9,9,6,5,7,2,2,2,0,2,3,13,5,0,1,1,1,3,3,6,2,2
"32",32,1,1,57,1,4,2,5,2,1,5,1,2,8,3,2,1,7,1,7,2,5,5,1,4,2,1,2,2,3,7,2,3,5,1,3,5,3,5,1,2
"33",33,1,2,37,1,2,2,4,2,2,2,2,10,8,3,2,5,5,3,5,5,1,5,4,4,3,1,5,5,3,14,3,1,1,8,0,1,2,6,15,1
"34",34,1,2,70,1,2,2,5,2,1,1,1,2,10,1,2,3,10,1,10,1,8,6,1,4,2,1,2,2,3,4,1,5,1,2,0,3,3,3,12,2
"35",35,1,2,48,1,1,4,5,4,4,2,4,3,10,2,3,2,8,1,5,5,9,6,7,4,3,1,3,3,3,7,5,0,1,2,0,5,3,5,12,2
"36",36,1,1,65,1,1,1,5,2,1,1,5,2,10,3,2,5,7,2,8,1,5,8,1,4,2,1,2,2,3,11,1,3,1,2,0,3,2,6,12,1
"37",37,1,2,67,1,2,2,4,2,2,5,1,2,10,3,2,5,8,1,8,2,5,6,1,4,1,1,2,2,3,9,1,5,2,2,0,4,4,6,12,3
"38",38,1,1,33,1,4,1,4,4,1,2,4,6,8,3,5,2,5,1,5,4,4,7,1,4,3,1,5,5,3,5,2,1,2,4,0,6,3,5,16,2
"39",39,1,2,70,1,4,2,5,2,4,1,5,2,10,2,2,3,10,1,10,2,7,7,3,4,1,1,2,2,3,4,1,6,3,3,0,5,3,3,15,2
"40",40,1,1,82,1,4,2,3,2,2,2,2,2,10,3,2,3,8,1,10,3,8,7,3,4,2,1,2,2,3,6,1,6,1,2,0,2,2,4,12,1
"41",41,1,2,56,1,2,1,5,2,5,4,4,10,10,2,3,2,8,1,5,1,6,1,1,4,2,1,3,3,3,6,1,6,1,1,2,1,2,4,1,1
"42",42,1,1,22,1,4,4,2,2,5,1,4,4,10,3,4,1,1,6,2,8,1,3,6,2,3,2,0,4,3,10,6,0,2,4,0,5,4,6,16,3
"43",43,1,2,56,1,2,2,4,3,2,2,1,1,8,3,8,6,4,7,4,8,3,4,5,2,4,1,4,8,3,7,4,0,5,4,0,5,4,5,16,3
"44",44,1,2,54,1,1,1,4,4,2,2,5,2,10,3,2,5,7,1,9,7,2,6,2,4,2,1,5,2,3,9,2,2,1,7,0,5,3,6,14,2
"45",45,1,1,68,1,1,1,1,2,2,1,1,1,10,1,1,8,1,10,1,10,1,1,10,1,4,1,1,1,3,2,2,1,2,3,0,6,4,2,15,3
"46",46,1,2,42,1,4,1,5,2,4,4,4,2,10,3,2,5,5,2,7,4,1,7,4,4,2,1,1,5,3,13,5,0,1,1,1,3,3,6,10,2
"47",47,1,2,44,1,1,1,5,4,4,4,4,2,10,2,2,3,8,1,10,3,7,2,3,4,1,1,2,2,3,9,6,0,2,4,0,4,3,6,16,2
"48",48,1,2,42,1,4,1,5,2,1,4,1,2,10,2,2,5,6,1,7,5,4,5,2,4,2,1,5,2,3,11,1,4,1,1,1,2,2,6,2,1
"49",49,1,1,54,1,4,1,5,2,2,2,5,2,10,2,2,6,6,1,7,1,3,2,1,4,2,1,2,2,3,6,2,1,1,1,1,5,4,4,5,3
"50",50,1,1,40,1,1,1,4,4,5,5,2,1,10,3,5,1,5,7,4,5,1,3,1,2,3,1,1,5,3,5,4,0,2,1,1,3,3,5,7,2
"51",51,1,1,45,1,4,2,2,2,1,1,1,4,10,3,4,9,1,8,2,10,1,1,8,2,4,1,4,9,3,7,5,0,2,1,1,5,4,5,3,3
"52",52,1,2,58,1,1,2,3,2,1,2,4,2,10,1,2,5,8,3,8,2,7,6,1,4,2,1,2,2,3,9,1,4,1,1,1,1,2,6,3,1
"53",53,1,2,33,1,4,3,4,2,1,2,1,2,10,3,2,3,7,1,6,1,3,2,1,4,2,1,2,2,3,13,2,1,2,1,3,5,3,6,2,2
"54",54,1,1,58,1,5,4,5,4,1,2,1,2,10,1,2,3,8,1,5,2,2,2,4,4,2,1,2,2,3,4,2,1,1,4,0,5,5,3,16,4
"55",55,1,2,43,1,4,1,5,2,1,2,2,2,10,3,2,5,7,1,9,3,1,9,5,4,1,1,5,5,3,12,1,3,1,1,1,1,2,6,2,1
"56",56,1,1,58,1,1,3,2,2,2,2,2,2,10,3,2,5,6,1,6,6,7,6,4,4,4,1,1,2,3,4,4,0,1,1,1,5,3,3,8,2
"57",57,1,2,55,1,4,2,4,2,1,4,2,2,10,3,2,5,5,1,9,1,4,5,1,4,2,1,2,5,3,6,5,0,1,1,3,3,4,4,5,3
"58",58,1,1,35,1,2,3,5,2,1,5,4,3,10,3,3,2,9,2,5,4,8,2,1,4,3,1,3,3,3,13,2,1,2,1,1,2,3,6,3,2
"59",59,1,1,43,1,2,1,5,2,1,5,1,8,10,2,2,3,8,1,6,1,5,6,1,4,2,1,2,2,3,6,2,3,2,1,1,4,4,4,10,3
"60",60,1,1,40,1,4,3,4,2,1,1,2,2,10,2,2,5,7,3,4,3,2,3,2,3,2,1,2,2,3,14,1,5,1,1,1,2,3,6,2,2
"61",61,1,1,79,1,4,2,4,2,1,2,2,2,10,3,2,3,7,1,8,1,6,5,1,4,2,1,2,2,3,11,1,5,1,2,0,4,3,6,12,2
"62",62,1,2,53,1,4,2,2,4,1,1,2,1,10,1,1,8,3,9,2,6,1,2,5,2,4,1,1,1,3,7,4,0,2,4,0,6,3,5,16,2
"63",63,1,1,52,1,4,2,4,3,2,1,2,2,10,3,2,3,7,3,7,3,5,4,5,4,2,1,5,2,3,7,2,2,3,1,1,4,3,5,10,2
"64",64,1,2,22,1,2,1,4,2,2,1,2,1,9,3,1,8,5,7,5,7,1,5,6,2,3,1,1,1,3,13,2,1,2,1,1,3,3,6,2,2
"65",65,1,2,31,1,5,2,5,2,1,1,1,4,10,2,4,1,2,7,2,9,1,5,9,2,4,1,4,4,3,7,5,0,2,1,1,3,4,5,5,3
"66",66,1,2,36,1,5,1,4,4,2,1,4,2,10,3,2,5,4,2,5,5,1,5,1,4,2,1,5,5,3,9,5,0,1,4,0,5,4,6,16,3
"67",67,1,2,65,1,1,1,1,2,1,5,1,3,10,3,3,2,10,1,5,1,7,7,1,4,3,1,5,3,3,5,2,1,1,1,1,4,3,5,5,2
"68",68,1,1,56,1,4,1,2,2,1,1,4,1,10,2,1,4,4,8,5,9,1,4,8,1,3,1,1,1,3,11,4,0,2,1,1,3,3,6,2,2
"69",69,1,2,40,1,4,2,2,2,2,1,2,1,8,1,1,9,3,7,5,7,1,3,6,2,3,1,1,1,3,7,4,0,1,4,0,5,3,5,16,2
"70",70,1,1,28,1,4,2,4,4,2,1,2,1,10,3,1,8,3,6,1,2,1,3,5,2,4,1,1,8,3,13,6,0,2,1,1,6,4,6,3,3
"71",71,1,1,46,1,2,1,4,2,1,2,1,6,9,3,5,2,6,1,6,3,1,7,5,4,2,1,5,5,3,12,1,3,1,1,1,1,3,6,3,2
"72",72,1,1,52,1,4,2,4,3,1,4,4,9,10,4,2,1,5,1,5,3,1,3,1,3,2,1,1,2,3,7,2,2,1,1,1,4,3,5,3,2
"73",73,1,2,54,1,5,3,2,2,2,1,1,4,10,2,1,5,4,7,3,9,1,7,3,1,4,1,1,1,3,6,2,3,1,1,1,3,3,4,4,2
"74",74,1,1,51,1,2,2,5,2,2,1,1,8,10,1,2,5,10,3,5,6,1,8,4,3,3,1,2,5,3,6,1,4,2,1,3,5,3,4,6,2
"75",75,1,2,44,1,4,2,4,2,2,5,2,2,10,3,2,5,8,1,6,4,6,8,3,4,2,1,2,2,3,9,2,3,1,1,2,3,3,6,1,2
"76",76,1,1,62,1,5,3,4,5,5,2,5,9,10,3,1,8,1,4,4,9,1,3,1,3,3,1,1,1,3,4,6,0,1,4,0,6,5,3,16,4
"77",77,1,2,55,1,4,3,4,3,1,1,5,10,10,3,2,1,5,4,4,3,1,2,4,4,3,1,2,5,3,13,2,4,5,2,0,5,4,6,12,3
"78",78,1,1,70,1,1,2,4,3,4,1,1,1,0,1,1,9,1,10,1,10,1,10,1,2,4,1,1,1,3,4,1,3,4,2,0,6,3,3,12,2
"79",79,1,1,39,1,5,4,5,4,1,1,1,1,5,5,3,1,5,7,3,3,8,6,5,2,3,2,0,1,3,4,2,2,4,1,1,6,5,3,9,4
"80",80,1,1,44,1,5,4,5,2,1,4,2,9,10,3,3,2,5,1,3,4,7,3,1,4,3,1,3,3,3,7,1,5,5,1,1,4,3,5,7,2
"81",81,1,1,61,1,1,2,2,2,1,2,2,1,10,1,1,9,3,10,1,6,1,2,4,2,4,1,1,1,3,11,4,0,1,2,0,1,3,6,12,2
"82",82,1,1,58,1,4,2,4,4,1,1,1,2,10,3,2,5,5,2,5,2,1,4,7,4,3,1,5,5,3,8,5,0,5,1,3,4,4,6,2,3
"83",83,1,1,51,1,4,3,2,2,2,2,2,1,3,3,2,1,5,7,6,3,3,8,4,2,2,2,0,2,3,6,6,0,1,1,1,2,3,4,4,2
"84",84,1,2,31,1,4,4,4,3,1,1,5,4,10,1,8,1,3,7,2,9,1,2,8,2,4,1,1,8,3,13,6,0,1,1,1,2,3,6,5,2
"85",85,1,2,41,1,2,1,4,2,1,1,4,4,10,3,8,1,1,7,4,8,1,1,5,2,3,1,1,8,3,11,5,0,1,1,1,3,3,6,4,2
"86",86,1,2,65,1,2,1,2,2,1,1,1,1,10,2,1,8,3,9,5,10,1,3,9,2,4,1,1,1,3,9,2,1,1,2,0,2,3,6,12,2
"87",87,1,2,44,1,4,3,5,2,5,2,1,3,7,1,3,2,9,1,7,4,8,4,1,4,2,1,3,3,3,11,2,1,2,1,1,3,3,6,3,2
"88",88,1,1,47,1,2,1,2,2,2,1,2,1,10,2,1,7,6,7,7,8,1,2,9,2,2,1,1,7,3,9,2,2,1,1,1,3,3,6,3,2
"89",89,1,2,57,1,4,2,4,4,1,2,2,10,10,3,4,1,3,5,2,8,1,1,6,3,4,1,4,1,3,4,2,3,5,1,1,4,4,3,6,3
"90",90,1,2,65,1,5,2,4,2,1,1,2,8,10,3,2,5,4,1,5,3,2,3,1,4,3,1,5,2,3,11,2,1,2,2,0,4,3,6,12,2
"91",91,1,1,65,1,4,2,4,2,4,2,4,2,10,3,2,3,5,6,7,8,8,4,3,3,2,1,2,2,3,5,2,1,1,2,0,4,3,5,12,2
"92",92,1,1,25,1,5,3,4,2,5,2,5,2,10,3,3,2,6,1,5,2,8,2,1,4,1,1,3,3,3,12,5,0,2,6,0,4,3,6,13,2
"93",93,1,1,36,1,5,4,4,4,2,2,1,10,9,3,3,2,4,2,2,3,1,3,2,4,3,2,0,3,3,11,5,0,2,1,3,4,4,6,2,3
"94",94,1,1,45,1,2,2,4,4,2,2,4,2,10,3,2,3,8,2,8,97,6,3,1,4,2,1,2,2,3,5,2,2,1,4,0,4,3,5,16,2
"95",95,1,1,50,1,1,1,5,2,2,1,1,2,10,2,2,5,7,1,9,1,4,6,2,4,2,1,2,2,3,13,1,5,1,1,1,2,3,6,2,2
"96",96,1,2,37,1,2,2,5,2,2,4,1,3,10,1,2,3,10,1,8,1,10,1,1,4,3,1,2,2,3,9,2,2,2,1,1,4,3,6,2,2
"97",97,1,2,21,1,4,2,4,2,1,2,4,1,9,3,1,4,3,6,5,6,2,6,7,3,3,1,4,1,3,6,6,0,2,6,0,4,3,4,13,2
"98",98,1,2,65,1,4,1,5,2,1,4,1,2,10,2,2,5,10,1,10,4,5,5,1,4,1,1,2,2,3,9,1,6,5,1,1,2,3,6,2,2
"99",99,1,1,36,1,4,2,4,2,2,2,2,1,9,2,1,5,1,6,5,5,1,6,4,2,1,1,1,1,3,13,2,1,2,1,3,1,3,6,5,2
"100",100,1,1,42,1,4,2,5,2,1,2,5,2,10,2,3,2,8,1,7,2,9,4,1,4,2,1,3,3,3,6,2,1,1,1,1,3,3,4,10,2
"101",101,1,1,66,1,2,2,4,2,1,1,2,8,10,3,3,2,7,3,5,2,6,6,1,3,2,1,3,2,3,9,1,4,5,2,0,5,3,6,12,2
"102",102,1,1,62,1,4,1,4,2,1,1,1,9,10,3,1,2,5,5,4,6,1,3,4,3,3,1,1,5,3,11,4,0,1,1,1,2,5,6,3,4
"103",103,1,1,52,2,4,1,4,2,4,4,1,9,10,3,2,5,5,1,5,1,1,4,4,4,2,1,5,5,3,8,5,0,1,1,3,4,4,6,1,3
"104",104,1,1,56,1,4,1,3,2,1,1,2,4,10,2,1,9,3,6,4,7,1,3,8,2,3,1,1,9,3,11,4,0,1,1,1,3,3,6,2,2
"105",105,1,1,40,1,1,2,2,4,5,1,1,4,10,1,9,7,1,5,3,9,1,2,7,3,3,1,4,4,3,4,5,0,1,4,0,4,3,3,16,2
"106",106,1,2,32,1,2,2,2,2,2,1,4,4,10,3,1,8,3,8,1,9,1,5,7,2,4,1,4,8,3,13,6,0,1,1,1,3,4,6,1,3
"107",107,1,1,50,1,2,2,4,4,2,4,4,2,10,3,2,5,6,2,8,1,1,7,4,3,2,1,5,5,3,9,2,2,5,1,1,4,4,6,8,3
"108",108,1,2,49,1,4,2,3,4,1,2,2,9,10,3,2,5,5,3,8,6,4,8,4,4,1,1,5,5,3,11,2,2,1,4,0,1,3,6,16,2
"109",109,1,2,27,1,4,4,2,2,2,1,2,1,10,2,8,1,3,7,8,3,1,6,8,2,2,1,4,8,3,13,4,0,2,1,3,4,2,6,2,1
"110",110,1,2,52,1,4,2,2,3,2,2,2,4,10,3,1,8,5,8,2,10,1,1,9,2,4,1,1,1,3,4,2,2,2,1,3,5,5,3,5,4
"111",111,1,2,74,1,1,1,4,2,1,1,2,1,10,3,1,4,5,10,7,10,1,4,9,1,2,1,1,1,3,4,1,5,1,2,0,5,3,3,12,2
"112",112,1,1,47,1,5,4,5,2,2,1,1,3,10,3,3,2,10,1,7,4,9,6,2,4,3,1,3,2,3,4,5,0,1,8,0,4,3,3,15,2
"113",113,1,1,43,1,4,4,4,2,4,2,2,2,10,3,2,5,7,1,7,1,5,8,1,4,2,1,2,2,3,9,2,2,1,1,1,4,3,6,4,2
"114",114,1,1,50,1,1,1,5,2,1,1,1,1,10,1,1,4,4,8,1,10,1,10,5,2,4,1,1,1,3,6,5,0,1,2,0,4,3,4,12,2
"115",115,1,1,69,1,4,2,4,2,2,2,4,2,10,3,3,2,5,1,8,2,8,4,1,4,2,1,2,3,3,6,4,0,1,2,0,2,3,4,12,2
"116",116,1,2,30,1,2,2,5,2,4,4,3,2,10,3,2,3,8,2,7,5,7,8,6,4,2,1,6,5,3,6,3,1,2,1,3,5,3,4,3,2
"117",117,1,2,55,1,2,1,3,4,1,1,1,1,10,1,1,2,3,8,6,8,1,5,2,2,3,1,1,2,3,4,2,3,5,4,0,6,5,3,16,4
"118",118,1,1,46,1,2,2,4,2,1,2,1,10,10,3,2,3,6,1,7,3,7,9,4,4,2,1,5,5,3,9,2,3,5,1,1,3,3,6,2,2
"119",119,1,1,59,1,4,2,4,2,2,1,2,4,10,1,4,7,3,6,4,7,1,4,6,2,3,1,4,4,3,6,4,0,5,1,3,1,2,4,4,1
"120",120,1,1,52,1,4,1,5,4,4,4,4,2,10,3,2,5,5,1,7,4,4,7,7,4,2,1,2,2,3,10,5,0,1,1,2,3,5,6,1,4
"121",121,1,2,68,1,4,3,5,2,1,1,1,10,10,3,2,3,10,1,7,1,7,1,1,4,2,1,2,2,3,4,6,0,3,2,0,3,3,3,12,2
"122",122,1,2,49,1,4,1,5,2,1,1,5,2,9,3,2,5,5,3,7,6,1,6,2,4,3,1,5,5,3,11,2,1,1,1,1,2,4,6,2,3
"123",123,1,1,54,2,1,2,5,2,4,4,2,2,10,3,2,5,7,1,8,1,5,4,1,4,2,1,2,2,3,11,4,0,1,1,1,2,3,6,5,2
"124",124,1,1,68,1,1,2,2,2,1,1,2,4,10,2,1,4,3,8,3,9,1,2,7,2,3,1,1,1,3,5,5,0,5,2,0,2,4,5,12,3
"125",125,1,1,61,1,2,1,5,4,2,2,4,8,10,2,2,3,7,1,9,1,5,5,1,4,1,1,2,2,3,11,2,2,5,2,0,5,4,6,12,3
"126",126,1,2,47,1,1,2,4,3,2,5,2,2,10,1,2,3,6,5,8,4,6,8,4,4,2,1,2,2,3,5,1,3,1,1,1,5,4,5,5,3
"127",127,1,1,32,1,5,5,5,5,1,1,2,3,0,5,3,2,8,1,2,1,5,1,1,4,3,2,0,3,3,6,6,0,2,4,0,6,6,4,16,5
"128",128,1,2,52,2,2,2,2,1,1,1,2,1,10,3,1,8,5,7,4,8,1,6,7,2,4,1,1,1,3,7,1,3,1,1,1,2,3,5,4,2
"129",129,1,2,51,1,2,2,4,2,1,4,1,2,10,3,2,3,5,1,9,3,7,7,2,4,2,1,2,2,3,6,1,4,1,1,3,1,3,4,3,2
"130",130,1,1,51,1,4,3,2,1,1,1,2,4,10,3,1,5,5,6,3,7,1,5,4,3,4,1,1,1,3,5,6,0,1,1,1,5,3,5,5,2
"131",131,1,1,61,1,4,2,3,1,2,2,2,1,10,3,2,1,4,6,6,5,1,2,4,2,2,1,1,1,3,6,6,0,2,1,3,1,3,4,5,2
"132",132,1,1,44,1,4,3,2,2,1,1,1,1,10,3,8,1,2,8,4,6,1,5,7,2,3,1,4,8,3,6,4,0,2,1,3,4,4,4,3,3
"133",133,1,1,23,1,1,2,2,2,1,1,1,1,10,2,1,8,3,9,2,10,1,2,8,1,3,1,1,1,3,7,5,0,2,1,1,2,5,5,7,4
"134",134,1,1,22,1,4,4,4,4,5,2,4,1,10,3,1,2,5,7,4,4,1,4,6,3,4,1,1,1,3,10,6,0,2,6,0,2,5,6,13,4
"135",135,1,1,48,2,4,2,2,2,2,2,2,1,10,1,1,4,1,8,1,9,1,1,6,2,4,1,1,4,3,7,2,1,1,1,1,5,6,5,3,5
"136",136,1,2,34,1,4,2,4,2,1,1,4,4,10,1,4,1,2,6,2,10,1,2,8,2,4,1,4,9,3,13,6,0,2,1,3,2,3,6,2,2
"137",137,1,2,36,1,1,1,4,2,2,1,1,9,5,3,2,1,5,4,8,6,6,5,3,3,3,2,0,2,3,5,2,1,1,1,1,4,3,5,5,2
"138",138,1,2,70,1,4,2,4,2,4,2,2,10,10,1,1,2,5,7,5,7,1,1,1,2,2,1,1,1,3,4,1,3,5,2,0,6,5,3,12,4
"139",139,1,2,42,1,4,1,2,2,2,1,2,1,10,2,1,5,4,8,4,8,1,2,3,2,3,1,1,1,3,10,4,0,2,1,1,3,3,6,2,2
"140",140,1,1,34,1,5,5,5,2,1,2,5,3,10,3,3,9,10,1,7,1,10,8,1,4,3,1,2,3,3,10,5,0,2,1,1,3,3,6,5,2
"141",141,1,2,50,1,2,2,2,2,1,2,1,1,10,2,1,8,3,8,4,7,1,2,7,2,3,1,1,1,3,9,5,0,1,1,1,3,3,6,9,2
"142",142,1,2,25,1,2,2,2,2,2,5,5,1,10,1,1,9,5,10,4,10,1,6,5,1,3,1,1,1,3,4,2,3,2,4,0,5,4,3,16,3
"143",143,1,1,40,1,1,3,5,2,2,5,2,3,10,5,3,2,1,1,3,9,10,1,1,4,3,2,0,3,3,2,1,3,1,1,1,5,3,2,7,2
"144",144,1,1,44,1,1,1,4,2,2,2,4,2,10,2,2,5,7,1,8,5,3,6,3,4,2,1,2,2,3,7,2,3,1,1,3,2,3,5,5,2
"145",145,1,1,66,1,4,2,4,2,1,2,4,6,10,3,5,2,5,2,5,2,4,6,1,4,2,1,5,5,3,8,2,2,5,2,0,4,4,6,12,3
"146",146,1,1,55,1,2,1,2,2,1,1,1,1,10,1,1,8,1,5,3,6,1,3,5,2,3,1,1,1,3,7,2,1,1,1,1,4,3,5,1,2
"147",147,1,2,50,2,2,4,2,2,2,1,2,4,10,2,4,1,1,7,1,8,1,1,6,2,4,1,4,9,3,14,6,0,1,1,1,2,5,6,2,4
"148",148,1,1,43,1,2,2,4,4,1,1,5,4,10,2,8,7,1,9,4,10,1,5,8,1,3,1,4,8,3,11,4,0,2,1,2,5,4,6,2,3
"149",149,1,1,65,1,2,1,2,2,1,1,1,1,10,1,1,4,3,10,3,8,1,1,3,2,3,1,1,1,3,6,4,0,1,2,0,5,3,4,12,2
"150",150,1,2,35,1,4,1,4,3,2,1,5,5,10,3,8,6,3,4,1,8,1,4,5,3,4,1,4,4,3,13,5,0,2,4,0,3,5,6,16,4
"151",151,1,2,61,1,4,2,5,5,4,1,5,1,10,2,1,8,1,10,1,10,1,1,10,1,3,2,0,1,3,4,2,1,1,2,0,5,4,3,12,3
"152",152,1,1,42,1,1,2,5,4,1,4,2,3,10,3,3,5,10,1,6,1,9,9,1,4,2,1,3,3,3,7,5,0,1,1,1,4,3,5,10,2
"153",153,1,1,42,1,4,2,5,4,4,4,1,10,10,3,2,5,5,1,7,5,5,8,1,4,2,1,5,5,3,9,2,3,1,1,1,5,3,6,3,2
"154",154,1,1,74,1,5,5,1,1,2,2,2,4,10,1,9,1,1,10,1,9,1,1,8,2,4,1,4,8,3,11,6,0,1,2,0,4,3,6,12,2
"155",155,1,1,70,1,4,1,4,2,1,1,1,2,10,3,2,1,4,3,5,7,1,1,2,3,1,1,1,9,3,4,1,5,3,2,0,5,4,3,12,3
"156",156,1,1,33,1,2,3,1,2,1,4,1,2,10,3,2,5,7,1,6,3,4,5,1,4,2,1,5,5,3,9,1,3,2,1,1,4,3,6,6,2
"157",157,1,1,42,1,5,4,5,4,1,1,1,2,10,3,3,2,7,1,7,1,6,4,1,4,2,1,1,3,3,6,6,0,2,4,0,6,3,4,16,2
"158",158,1,1,29,1,4,1,5,2,1,1,4,1,10,3,1,6,1,6,5,6,1,3,5,3,3,1,4,1,3,7,6,0,2,1,1,3,3,5,7,2
"159",159,1,2,60,1,2,2,5,2,2,5,1,8,10,3,2,3,8,1,8,1,8,6,1,4,2,1,3,2,3,6,2,1,1,7,0,3,3,4,14,2
"160",160,1,1,39,1,1,3,3,4,5,2,5,4,10,1,9,4,3,5,4,8,1,2,8,3,3,1,1,9,3,11,5,0,2,4,0,4,5,6,16,4
"161",161,1,1,52,1,1,1,2,2,4,1,5,4,10,2,4,1,3,6,2,8,1,2,6,2,3,1,4,4,3,11,6,0,1,1,1,4,3,6,2,2
"162",162,1,2,55,1,2,2,5,4,1,1,1,10,10,3,2,5,5,1,5,5,1,7,1,4,2,1,2,2,3,8,2,2,4,4,0,6,4,6,16,3
"163",163,1,2,67,1,1,2,4,2,1,1,1,4,10,2,1,4,1,7,1,9,1,1,6,1,4,1,1,4,3,5,1,5,1,2,0,4,5,5,12,4
"164",164,1,1,47,1,4,2,4,2,2,2,4,9,10,3,2,5,6,3,7,5,3,7,4,4,3,1,2,2,3,6,2,2,1,1,1,4,3,4,5,2
"165",165,1,1,63,1,4,2,3,2,1,1,1,4,10,1,4,7,3,6,3,10,1,5,9,3,4,1,4,9,3,9,6,0,5,1,1,4,4,6,4,3
"166",166,1,1,82,1,5,4,5,2,2,2,5,2,10,3,2,3,5,1,7,1,5,5,1,4,2,1,2,2,3,12,1,5,1,2,0,3,2,6,12,1
"167",167,1,1,64,1,2,2,4,2,1,1,2,4,10,2,8,1,3,6,5,7,1,5,6,3,3,1,4,1,3,11,4,0,1,1,1,2,3,6,2,2
"168",168,1,2,56,1,2,1,4,2,2,1,2,1,10,2,1,8,2,8,5,9,1,4,8,2,3,1,1,1,3,5,6,0,1,4,0,4,5,5,16,4
"169",169,1,1,60,1,4,1,4,2,1,1,4,1,10,1,1,8,1,9,4,8,1,3,7,1,3,1,1,1,3,6,6,0,1,2,0,4,3,4,12,2
"170",170,1,2,18,1,2,2,4,2,2,2,2,6,10,6,5,2,3,3,5,97,1,9,4,3,2,3,0,5,3,6,1,4,2,6,0,3,3,4,13,2
"171",171,1,1,45,1,2,1,4,5,2,1,4,4,10,3,1,4,2,7,2,8,1,3,9,2,4,1,4,1,3,8,5,0,2,4,0,3,5,6,16,4
"172",172,1,1,42,1,2,2,5,2,1,2,1,3,10,3,3,5,5,1,6,4,8,7,1,4,3,1,3,3,3,11,2,2,1,1,1,2,2,6,2,1
"173",173,1,1,48,1,2,2,4,2,5,1,1,1,10,1,1,8,1,7,3,6,1,5,6,2,3,1,1,1,3,4,5,0,5,1,3,1,5,3,8,4
"174",174,1,1,50,1,1,2,5,2,1,1,1,2,10,1,2,5,5,1,9,4,4,8,1,4,1,1,2,2,3,9,1,3,1,1,1,4,3,6,1,2
"175",175,1,1,75,1,4,1,2,2,1,1,1,4,10,2,4,1,3,7,4,9,1,6,6,2,4,1,4,4,3,8,4,0,3,2,0,4,5,6,12,4
"176",176,1,1,38,1,2,1,4,2,1,1,1,4,10,1,4,9,2,6,2,8,1,2,7,2,3,1,4,4,3,8,6,0,1,1,1,4,3,6,3,2
"177",177,1,2,45,1,1,1,5,2,1,4,1,2,9,3,2,5,6,1,7,1,4,1,1,4,2,1,5,5,3,11,2,2,1,1,1,4,3,6,3,2
"178",178,1,2,34,1,1,2,5,2,2,2,4,2,10,3,2,3,8,1,8,2,7,8,4,4,2,1,5,2,3,9,5,0,2,4,0,5,4,6,16,3
"179",179,1,1,28,1,4,3,2,5,1,1,1,1,10,3,1,2,5,5,5,3,1,4,3,2,1,1,1,1,3,4,6,0,2,7,0,6,3,3,14,2
"180",180,2,1,24,1,2,2,2,2,4,1,2,10,10,3,8,1,3,6,3,7,1,1,5,2,4,1,1,8,3,13,6,0,2,1,1,4,3,6,2,2
"181",181,2,1,53,1,5,4,2,4,1,1,2,1,7,1,1,8,3,9,1,7,1,1,8,2,3,2,0,1,3,6,2,2,5,4,0,6,3,4,16,2
"182",182,2,2,60,1,4,2,4,2,4,2,2,2,10,3,2,5,6,1,7,3,4,6,1,4,2,1,2,5,3,11,4,0,1,2,0,2,4,6,12,3
"183",183,2,2,34,1,4,4,3,4,1,1,1,1,10,3,8,1,1,9,1,9,1,4,9,2,4,1,4,8,3,4,4,0,2,4,0,5,5,3,16,4
"184",184,2,2,25,1,4,4,4,2,2,1,1,4,10,2,8,6,1,6,1,10,1,1,7,3,4,1,4,8,3,7,6,0,2,4,0,5,4,5,16,3
"185",185,2,1,61,1,4,2,4,1,1,4,1,2,10,3,2,1,5,5,8,3,3,3,1,3,2,1,1,1,3,3,2,1,1,1,1,3,3,5,5,2
"186",186,2,2,50,1,2,1,3,2,2,1,1,1,10,2,1,2,5,6,4,5,1,2,2,2,3,1,1,1,3,6,2,2,1,1,3,3,3,4,1,2
"187",187,2,2,53,1,4,2,3,2,2,1,2,1,10,1,1,8,3,10,2,7,1,6,4,1,3,1,1,1,3,5,6,0,2,1,1,4,3,5,5,2
"188",188,2,2,46,1,1,1,4,2,5,2,5,3,10,3,3,2,8,3,7,1,8,6,1,4,2,1,3,3,3,9,5,0,5,1,1,4,3,6,2,2
"189",189,2,1,54,1,4,1,2,2,1,1,2,1,10,2,1,9,4,8,4,5,1,5,7,2,3,1,1,1,3,11,2,2,1,1,1,3,3,6,2,2
"190",190,2,2,78,1,1,4,4,3,4,1,1,1,10,1,1,4,5,8,5,7,1,5,7,1,3,1,1,1,3,5,2,3,1,7,0,5,3,5,14,2
"191",191,2,2,55,1,2,1,4,4,1,1,4,1,10,3,1,9,3,8,4,10,1,3,5,2,3,1,4,1,3,6,2,2,1,4,0,5,5,4,16,4
"192",192,2,2,37,1,4,1,5,2,3,1,1,3,10,3,3,2,10,1,1,1,10,5,1,4,4,1,3,3,3,13,2,3,2,1,1,4,3,6,3,2
"193",193,2,1,30,1,4,2,5,1,1,4,2,2,8,3,2,5,7,1,5,2,3,4,2,4,2,1,2,2,3,12,2,2,2,1,1,1,3,6,3,2
"194",194,2,1,46,1,5,2,4,2,2,2,1,6,10,3,5,2,6,1,6,5,1,8,5,4,2,1,5,5,3,13,1,5,5,1,1,4,3,6,2,2
"195",195,2,1,54,1,1,1,4,2,1,1,1,6,10,3,5,2,4,3,4,2,3,7,3,4,4,1,5,5,3,13,5,0,5,1,3,4,3,6,5,2
"196",196,2,1,78,1,2,2,4,2,1,4,4,2,10,3,2,3,7,5,7,3,6,4,2,3,2,1,2,2,3,12,1,5,1,2,0,3,3,6,12,2
"197",197,2,2,34,1,4,2,5,2,4,1,4,10,10,2,8,1,3,6,4,10,1,3,5,2,3,1,4,8,3,8,6,0,1,1,1,4,5,6,3,4
"198",198,2,1,18,1,2,4,4,4,2,2,1,2,9,6,2,5,6,2,8,5,5,6,2,4,2,3,0,2,3,6,1,3,2,6,0,3,2,4,13,1
"199",199,2,2,50,1,5,2,3,2,2,1,2,1,10,2,1,8,3,7,4,8,1,4,6,2,2,1,1,1,3,13,5,0,1,1,1,2,3,6,1,2
"200",200,2,2,23,1,1,2,4,2,2,4,2,1,1,3,1,2,5,4,2,4,2,2,2,3,3,1,5,1,3,6,4,0,2,1,1,3,4,4,5,3
"201",201,2,2,64,1,1,2,2,2,1,1,1,1,10,2,1,8,1,9,1,8,1,1,8,2,4,1,1,1,3,9,6,0,5,7,0,2,3,6,14,2
"202",202,2,1,73,1,4,1,2,2,2,1,1,1,10,1,1,8,1,9,3,6,1,1,5,1,4,1,1,1,3,7,2,1,1,2,0,5,3,5,12,2
"203",204,2,2,62,1,2,2,5,1,2,2,4,2,10,2,2,5,6,4,8,2,4,7,1,3,2,1,2,2,3,9,1,5,1,2,0,5,3,6,12,2
"204",205,3,1,59,1,4,2,2,2,1,1,1,1,10,3,1,2,6,9,5,6,1,2,7,2,4,1,1,1,3,6,6,0,1,1,2,4,5,4,6,4
"205",206,3,1,60,1,4,2,4,2,1,1,1,2,10,2,1,9,4,6,7,8,1,4,3,3,3,1,1,1,3,9,4,0,1,1,1,4,3,6,3,2
"206",207,3,1,49,1,4,3,4,2,1,3,5,2,10,3,2,3,6,3,7,5,6,4,1,3,2,1,2,2,3,5,2,1,4,1,1,2,3,5,7,2
"207",208,3,1,53,1,2,2,3,3,1,1,2,2,10,3,2,5,5,5,8,6,1,5,4,3,2,1,5,5,3,7,1,5,1,1,1,4,3,5,3,2
"208",209,3,2,39,1,2,2,4,2,1,1,2,4,10,2,1,9,5,7,3,8,1,1,6,2,2,1,1,1,3,7,6,0,1,1,1,3,4,5,2,3
"209",210,3,1,28,1,2,2,2,4,2,1,5,1,10,3,1,8,3,9,1,8,1,3,8,2,4,1,1,1,3,13,6,0,2,1,1,4,3,6,3,2
"210",211,3,2,54,1,4,2,5,2,1,1,2,2,10,3,2,3,7,2,6,1,5,7,1,4,2,1,3,2,3,9,2,2,1,1,1,3,3,6,4,2
"211",212,3,1,50,1,2,1,4,1,1,2,1,2,10,2,2,1,5,6,6,7,1,3,7,3,3,1,1,1,3,13,6,0,1,1,2,1,3,6,1,2
"212",213,3,1,60,1,2,1,5,2,5,5,5,2,10,3,1,3,5,1,6,1,7,6,1,4,2,1,1,5,3,12,1,6,1,2,0,2,3,6,12,2
"213",214,3,1,32,1,4,5,5,2,4,1,2,10,3,3,4,1,2,3,4,6,1,1,7,4,3,1,4,4,3,5,5,0,2,1,1,4,4,5,9,3
"214",215,3,2,53,1,2,1,4,2,1,1,2,1,10,3,1,2,1,10,9,5,1,1,1,2,2,1,1,1,3,4,2,1,1,1,1,5,4,3,9,3
"215",216,3,1,24,1,5,2,4,4,1,2,5,2,10,3,2,3,5,2,5,3,5,4,2,4,2,1,2,5,3,10,2,3,2,1,1,4,3,6,3,2
"216",217,3,1,52,1,4,3,2,2,1,1,1,1,10,2,1,8,4,9,5,8,1,2,5,2,3,1,1,1,3,16,5,0,1,1,1,3,5,7,3,4
"217",218,3,1,26,1,2,1,2,2,2,1,1,1,10,3,1,8,4,9,1,8,1,2,5,1,4,1,1,1,3,7,4,0,2,1,1,3,3,5,3,2
"218",219,3,1,77,1,2,1,3,3,1,1,1,1,10,1,1,8,3,8,1,8,1,1,8,2,4,1,1,1,3,2,6,0,3,2,0,6,3,2,12,2
"219",220,3,2,53,1,1,1,4,2,1,1,2,1,9,1,1,2,4,8,7,6,2,4,4,2,2,1,1,1,3,12,2,3,5,1,1,3,2,6,1,1
"220",221,3,1,37,1,4,2,4,2,1,1,2,1,10,3,1,2,4,5,4,6,1,2,2,2,2,1,1,1,3,10,5,0,2,1,1,4,3,6,3,2
"221",222,3,1,45,1,4,2,5,1,1,5,4,2,10,3,2,5,6,1,6,1,5,6,1,4,2,1,2,2,3,11,2,3,1,1,1,2,3,6,2,2
"222",223,3,2,56,1,2,2,5,3,2,5,1,2,10,2,3,2,9,3,6,2,10,1,1,4,3,1,3,3,3,4,1,2,1,7,0,4,5,3,14,4
"223",224,3,1,70,1,1,1,4,2,1,1,1,1,10,1,1,9,1,10,2,5,1,1,8,2,3,1,1,9,3,9,6,0,1,2,0,2,5,6,12,4
"224",225,3,1,65,1,1,2,2,2,2,2,2,1,10,3,1,8,1,10,1,9,1,1,6,1,4,1,4,1,3,6,4,0,2,2,0,5,3,4,12,2
"225",226,3,2,73,1,2,2,2,2,1,1,2,9,10,2,2,5,4,5,8,6,1,4,4,3,2,1,1,5,3,14,4,0,3,2,0,4,3,6,12,2
"226",227,3,1,70,1,2,2,3,2,1,1,1,1,10,3,4,1,1,9,4,9,1,1,8,1,4,1,1,4,3,14,6,0,5,2,0,4,3,6,12,2
"227",228,3,1,48,1,4,2,4,2,1,1,1,1,10,1,1,9,4,6,3,7,1,1,3,2,4,1,1,1,3,6,5,0,1,1,1,3,3,4,5,2
"228",229,3,2,38,1,4,3,4,2,1,1,4,10,10,2,1,10,3,4,1,6,1,2,3,3,4,1,1,1,3,9,5,0,2,1,1,2,3,6,2,2
"229",230,3,2,69,1,2,1,4,2,4,2,2,1,5,1,1,8,1,10,5,8,1,8,7,1,3,1,1,8,3,4,2,1,2,2,0,5,4,3,12,3
"230",231,3,2,61,1,2,1,5,2,2,2,5,2,10,3,2,3,5,1,9,1,7,1,1,4,2,1,3,3,3,11,2,3,1,2,0,1,3,6,12,2
"231",232,4,1,50,1,4,3,4,5,2,5,5,6,10,3,5,2,5,3,6,2,4,7,1,4,2,1,5,5,3,7,2,1,4,1,1,5,4,5,7,3
"232",233,4,2,66,1,2,2,5,2,2,2,2,2,10,3,2,3,6,1,8,2,8,8,1,4,1,1,2,2,3,9,2,2,2,2,0,5,3,6,12,2
"233",234,4,1,39,1,5,3,4,2,1,2,1,9,10,3,3,6,5,3,3,3,5,4,4,4,4,2,0,3,3,12,2,2,1,1,3,2,3,6,1,2
"234",235,4,1,44,1,2,1,5,4,1,5,1,2,10,2,2,3,7,1,8,2,6,9,1,4,2,1,2,2,3,6,2,1,2,1,2,3,4,4,1,3
"235",236,4,1,43,1,4,1,4,2,1,1,1,4,5,2,1,4,5,7,1,8,1,1,7,2,4,1,1,1,3,4,6,0,2,2,0,3,3,3,12,2
"236",237,4,1,61,1,4,2,5,4,1,2,1,8,10,2,2,3,8,1,7,5,7,1,1,3,2,1,2,2,3,4,1,5,1,4,0,5,3,3,16,2
"237",238,4,1,38,1,2,2,4,2,1,1,1,1,10,2,8,1,3,8,1,8,1,5,8,2,4,1,4,8,3,7,5,0,1,1,1,2,3,5,3,2
"238",239,4,2,62,1,4,1,5,4,5,5,1,10,10,2,2,3,10,1,6,1,8,1,1,4,2,1,3,3,3,4,2,2,1,7,0,5,3,3,14,2
"239",240,4,2,48,1,5,2,2,2,4,1,4,1,10,3,1,8,1,10,1,10,1,1,10,1,4,1,4,8,3,6,6,0,1,1,1,2,3,4,4,2
"240",241,4,2,30,1,4,1,4,1,1,5,1,8,10,3,2,3,8,4,8,9,6,8,1,4,3,1,2,2,3,10,5,0,2,1,2,5,2,6,1,1
"241",242,4,1,54,1,5,3,5,2,1,2,1,8,10,3,2,1,6,3,3,2,3,4,2,3,4,1,1,2,3,14,2,1,1,1,1,1,3,6,10,2
"242",243,4,2,39,1,4,2,2,2,4,1,2,4,10,2,8,1,5,4,3,7,1,2,7,3,3,1,4,4,3,11,4,0,1,1,1,3,3,6,2,2
"243",244,4,1,66,1,2,2,4,2,2,1,4,10,10,3,3,2,5,3,3,4,4,4,4,3,3,1,1,2,3,7,5,0,1,2,0,4,3,5,12,2
"244",245,4,1,60,1,2,1,4,3,5,5,5,2,10,3,2,3,6,1,7,3,6,3,1,4,2,1,1,2,3,2,2,1,1,2,0,1,4,2,12,3
"245",246,4,2,53,1,4,1,2,2,1,1,4,1,10,2,1,7,4,10,1,8,1,2,9,1,4,1,1,1,3,4,6,0,1,1,4,4,5,3,5,4
"246",247,4,2,49,1,4,2,2,4,1,1,1,1,10,3,1,8,1,10,1,10,1,1,10,2,4,1,4,8,3,4,2,1,2,2,0,6,5,3,12,4
"247",248,4,1,53,1,4,3,5,4,2,4,2,2,10,3,2,5,7,1,8,1,4,5,3,4,2,1,5,5,3,11,2,4,1,1,1,2,3,6,2,2
"248",249,4,1,42,1,4,1,4,4,1,1,1,4,10,3,2,1,5,5,6,8,3,1,1,4,3,1,1,2,3,11,2,2,5,1,1,4,3,6,7,2
"249",250,4,1,56,1,1,2,2,2,2,2,2,2,10,3,2,1,5,6,8,7,1,6,1,3,1,1,1,1,3,4,2,2,1,1,1,5,5,3,8,4
"250",251,4,1,45,1,2,2,2,2,2,2,2,1,10,3,8,1,1,10,1,10,1,2,6,2,4,1,4,8,3,11,2,1,2,1,3,4,3,6,2,2
"251",252,4,1,35,1,4,2,2,2,4,1,1,10,10,3,1,4,4,5,4,7,2,2,7,3,3,1,1,1,3,11,5,0,1,1,1,3,3,6,2,2
"252",253,5,1,63,1,4,2,4,2,1,1,1,1,10,3,1,4,2,8,2,7,1,1,4,1,4,1,1,1,3,6,4,0,2,1,1,3,3,4,3,2
"253",254,5,1,79,2,2,1,2,2,1,1,1,9,10,3,8,9,1,5,1,10,1,1,2,3,4,1,4,8,3,11,6,0,5,2,0,5,3,6,12,2
"254",255,5,2,55,1,2,1,4,4,1,1,2,1,10,1,1,8,1,8,4,9,1,8,8,1,4,1,1,1,3,6,6,0,1,1,3,5,4,4,5,3
"255",256,5,1,51,1,5,2,2,2,1,2,2,2,10,2,2,1,5,7,8,8,8,8,8,2,2,1,3,2,3,4,2,1,1,2,0,3,2,3,12,1
"256",257,5,1,53,1,2,1,4,2,3,1,5,1,10,1,1,8,3,6,2,6,1,1,5,3,4,1,1,1,3,6,4,0,1,1,1,3,4,4,5,3
"257",258,5,2,52,1,2,2,3,2,4,1,4,1,10,1,1,7,3,6,3,7,1,3,7,2,4,1,1,7,3,11,6,0,2,1,1,4,2,6,2,1
"258",259,5,2,46,1,4,2,2,2,1,1,2,4,10,2,4,1,2,7,1,9,1,1,4,2,4,1,4,4,3,11,6,0,1,1,1,2,3,6,2,2
"259",260,5,2,62,1,4,1,2,2,2,1,1,1,10,2,1,7,4,9,1,7,1,1,7,2,4,1,1,1,3,6,4,0,3,1,1,3,3,4,4,2
"260",261,5,1,36,1,2,2,2,2,5,1,4,1,10,2,1,8,2,8,1,8,1,4,8,2,3,1,4,1,3,9,6,0,2,1,2,3,3,6,1,2
"261",262,5,1,51,1,1,2,4,2,2,1,1,4,10,1,8,1,3,5,2,8,1,1,8,3,4,1,4,4,3,14,6,0,1,1,1,1,3,6,2,2
"262",263,5,1,23,2,2,2,4,2,4,1,2,4,10,3,1,4,4,7,3,9,1,3,6,2,4,1,1,1,3,10,4,0,2,1,1,4,3,6,2,2
"263",264,5,2,34,1,4,2,2,1,4,2,2,1,10,2,1,8,4,7,3,10,1,2,5,2,4,1,1,1,3,11,6,0,2,1,1,3,3,6,3,2
"264",265,5,1,42,1,4,4,4,4,1,1,1,10,8,3,2,5,5,5,5,5,1,5,2,3,3,1,1,5,3,7,6,0,1,1,1,2,3,5,1,2
"265",266,5,1,39,1,4,3,4,2,4,2,2,2,10,3,2,5,6,1,7,1,4,6,1,4,2,1,2,2,3,8,5,0,2,1,1,1,2,6,1,1
"266",267,5,2,27,1,2,2,2,1,2,1,1,1,10,2,1,6,2,8,5,9,1,3,8,2,3,1,1,4,3,13,6,0,1,1,2,2,2,6,1,1
"267",268,5,2,48,1,4,2,5,2,1,1,5,3,10,3,3,2,10,1,9,3,10,1,1,4,2,1,5,5,3,7,3,1,1,2,0,4,3,5,12,2
"268",269,5,1,59,1,1,2,2,2,2,1,4,1,10,2,1,4,3,10,3,10,1,5,10,1,3,1,1,1,3,5,6,0,1,2,0,3,3,5,12,2
"269",270,5,2,23,1,2,2,5,2,5,2,4,1,10,2,1,4,3,7,6,9,1,4,8,2,3,1,1,1,3,13,2,2,2,1,1,2,3,6,2,2
"270",271,5,1,56,1,5,2,2,2,4,1,4,1,10,1,1,8,1,8,6,5,1,5,5,1,3,1,1,8,3,5,2,1,1,1,3,3,5,5,6,4
"271",272,5,1,30,1,4,3,4,2,2,2,4,1,8,2,1,2,3,7,5,6,3,5,5,3,4,2,0,1,3,7,2,3,2,1,1,4,5,5,7,4
"272",273,5,2,23,1,2,4,4,2,2,2,2,1,10,3,5,1,8,8,7,8,5,7,8,2,1,1,5,5,3,10,2,2,2,1,1,3,3,6,2,2
"273",274,5,2,44,1,5,2,2,2,2,1,2,4,10,2,4,1,3,9,4,10,1,3,8,1,3,1,1,4,3,13,2,1,1,1,1,3,3,6,2,2
"274",275,5,1,49,1,4,1,2,2,4,1,2,1,10,2,4,1,2,9,3,10,1,3,8,2,4,1,4,4,3,11,2,1,1,1,1,3,5,6,4,4
"275",276,5,1,21,1,4,4,2,2,1,1,4,5,10,3,4,1,3,6,3,8,1,5,5,2,3,1,4,4,3,6,1,5,2,6,0,3,5,4,13,4
"276",277,5,1,55,1,5,4,4,2,1,1,4,10,10,3,10,2,5,1,2,2,1,3,2,3,3,1,4,5,3,10,2,1,5,1,1,5,3,6,3,2
"277",278,5,1,48,1,4,2,2,2,4,1,1,4,9,2,4,1,3,6,2,7,1,2,6,3,4,1,4,4,3,14,5,0,5,1,1,2,5,6,2,4
"278",279,5,1,20,1,4,2,5,2,4,4,1,1,1,5,1,2,5,8,1,1,2,2,3,3,4,2,0,1,3,6,2,2,2,1,5,4,3,4,9,2
"279",280,5,1,33,1,4,3,2,2,2,4,4,8,10,3,2,5,5,3,5,1,3,5,3,4,2,1,2,2,3,12,2,2,1,1,1,3,3,6,3,2
"280",281,5,2,51,1,4,2,2,2,1,1,2,1,10,1,1,8,3,9,3,5,1,3,4,1,4,1,1,1,3,11,1,5,2,1,1,4,5,6,4,4
"281",282,5,2,44,1,2,2,4,2,5,1,2,5,10,1,4,1,1,6,2,10,1,1,10,2,3,1,4,4,3,11,6,0,2,1,1,5,3,6,2,2
"282",283,5,2,71,1,2,2,4,4,2,5,2,8,10,3,2,3,10,1,10,5,7,6,3,4,3,1,2,2,3,6,2,3,3,3,0,5,3,4,15,2
"283",284,6,1,25,1,5,2,4,4,1,4,2,1,9,3,1,4,3,7,6,7,3,4,3,2,2,1,1,1,3,6,4,0,2,6,0,4,4,4,13,3
"284",285,6,2,37,1,2,2,5,4,2,5,4,8,10,3,3,2,8,1,6,1,8,6,1,4,3,1,3,3,3,4,3,5,1,4,0,4,3,3,16,2
"285",286,6,2,40,1,2,1,4,4,1,1,2,1,10,2,1,9,1,7,5,8,1,1,5,2,3,1,1,9,3,9,4,0,1,1,1,1,5,6,3,4
"286",287,6,2,48,1,2,2,2,2,1,1,2,1,10,1,1,4,4,10,1,10,1,4,6,1,4,1,1,1,3,9,6,0,1,1,1,3,3,6,1,2
"287",288,6,1,49,1,1,1,5,2,2,1,1,1,10,2,1,8,3,6,4,2,1,1,4,3,4,1,1,1,3,4,2,1,2,4,0,5,5,3,16,4
"288",289,6,1,60,1,1,1,5,2,1,2,1,2,9,3,2,3,8,1,9,1,7,6,1,4,2,1,2,5,3,4,2,1,1,1,1,2,3,3,3,2
"289",290,6,1,41,1,3,3,5,2,2,1,1,10,10,2,2,3,6,1,5,5,2,5,1,4,3,1,1,2,3,6,6,0,1,1,1,4,3,4,8,2
"290",291,6,1,55,1,2,2,3,3,1,1,2,10,3,2,1,4,3,4,3,4,1,2,4,3,4,2,0,1,3,11,1,3,1,1,1,2,3,6,4,2
"291",292,6,2,43,1,2,2,5,4,1,1,1,3,10,3,5,3,10,1,8,1,10,10,1,4,2,1,3,3,3,7,2,1,1,1,2,5,5,5,1,4
"292",293,6,1,38,1,4,3,4,2,5,4,2,3,10,3,3,2,7,1,6,1,7,4,1,4,3,1,3,3,3,12,3,6,1,1,1,3,3,6,2,2
"293",294,6,2,69,1,4,1,5,2,1,1,1,2,10,3,3,2,8,1,8,1,10,1,1,4,1,1,2,3,3,11,2,2,1,7,0,2,3,6,14,2
"294",295,6,1,54,1,4,2,4,2,5,2,3,2,10,2,2,3,7,1,8,1,6,6,1,4,2,1,3,2,3,8,2,1,2,1,2,1,2,6,1,1
"295",296,6,1,65,1,2,1,3,2,1,2,1,1,8,3,1,2,4,7,5,8,3,4,4,2,2,1,1,8,3,7,1,5,4,2,0,5,3,5,12,2
"296",297,6,2,51,1,4,2,4,4,2,2,4,2,10,3,2,1,5,6,7,5,1,2,2,2,2,1,2,1,3,5,2,2,3,1,1,4,4,5,5,3
"297",298,6,2,76,1,2,2,2,2,2,2,2,1,10,2,1,2,5,8,5,5,1,3,1,2,2,1,1,1,3,2,1,4,3,2,0,6,5,2,12,4
"298",299,6,2,24,1,2,2,4,2,4,1,1,1,10,2,1,4,2,6,5,7,1,1,7,2,4,1,1,1,3,10,5,0,2,1,1,2,3,6,2,2
"299",300,6,1,48,1,4,2,2,2,4,1,2,1,9,3,1,2,4,5,4,3,1,2,2,2,2,1,1,1,3,7,2,1,1,1,1,3,3,5,3,2
"300",301,6,2,24,1,4,4,4,2,1,1,1,4,10,3,4,1,2,7,2,10,1,1,6,2,4,1,1,4,3,13,6,0,2,1,1,4,4,6,2,3
"301",302,6,2,56,1,1,1,3,2,2,1,1,1,10,1,1,8,3,8,1,9,1,1,7,2,4,1,1,1,3,6,2,1,5,1,3,2,3,4,3,2
"302",303,6,2,44,1,2,2,4,2,4,2,1,1,0,3,1,5,5,5,5,4,1,6,3,3,3,2,0,5,3,9,2,1,1,1,1,4,3,6,4,2
"303",304,6,1,36,1,2,2,5,2,2,4,4,2,10,3,2,5,7,2,6,1,4,4,1,4,2,1,2,2,3,11,1,4,1,1,6,1,3,6,2,2
"304",305,7,2,42,1,4,2,4,2,2,1,2,10,10,3,6,1,2,6,5,7,1,2,7,3,3,1,1,1,3,7,2,2,1,1,1,3,3,5,4,2
"305",306,7,1,38,1,2,2,2,2,1,1,1,4,10,1,8,1,3,8,3,10,1,5,10,2,3,1,4,8,3,9,6,0,2,1,1,3,3,6,2,2
"306",307,7,1,67,1,4,5,5,2,2,5,1,2,9,3,2,1,5,2,6,3,1,1,4,3,3,1,2,2,3,6,1,4,1,2,0,5,3,4,12,2
"307",308,7,2,64,1,4,2,4,3,2,1,1,1,10,3,1,4,5,8,3,6,1,6,7,2,3,1,1,1,3,4,5,0,3,1,1,5,4,3,7,3
"308",309,7,1,48,1,4,3,5,2,1,2,1,2,10,3,2,3,6,2,7,2,5,3,1,4,2,1,2,2,3,7,1,5,1,1,1,3,3,5,4,2
"309",310,7,1,25,1,5,2,4,4,1,4,2,2,8,1,2,3,7,2,8,3,6,7,2,3,1,1,3,2,3,6,2,1,2,6,0,4,3,4,13,2
"310",311,7,1,58,1,2,2,4,4,4,2,5,2,10,1,2,1,5,6,6,10,1,6,6,3,2,1,2,2,3,4,2,5,1,1,2,3,5,3,8,4
"311",312,7,1,47,1,5,3,5,2,2,2,2,2,10,3,2,3,7,1,8,1,8,7,1,4,2,1,5,5,3,7,2,3,1,1,1,4,3,5,4,2
"312",313,7,1,57,1,4,3,5,2,1,5,5,2,10,2,2,3,9,1,10,1,8,5,1,4,1,1,2,2,3,4,2,2,1,2,0,3,2,3,12,1
"313",314,7,1,57,1,2,1,5,3,1,2,4,10,10,3,3,2,7,3,5,2,6,4,2,4,3,1,3,3,3,12,1,2,1,1,1,4,3,6,2,2
"314",315,7,1,56,1,2,2,4,2,2,4,1,2,3,3,2,1,5,4,5,5,3,5,3,4,3,1,2,2,3,8,2,1,1,1,1,3,5,6,3,4
"315",316,7,1,44,1,2,2,5,5,5,5,5,2,10,3,2,3,7,1,8,1,5,2,1,4,1,1,5,2,3,12,2,2,2,1,2,4,5,6,1,4
"316",318,7,2,28,1,4,1,4,2,1,2,2,2,10,3,2,3,9,2,8,3,7,6,1,4,2,1,3,2,3,10,1,2,2,1,1,4,3,6,2,2
"317",319,7,2,47,1,2,2,5,4,1,4,1,2,10,1,2,5,7,2,8,4,6,7,1,3,2,1,2,2,3,11,2,3,1,1,3,4,5,6,2,4
"318",320,7,1,42,1,5,2,4,4,5,1,5,1,10,3,1,10,4,7,1,9,1,3,6,2,4,1,1,1,3,7,6,0,1,1,1,5,5,5,3,4
"319",321,7,1,50,1,2,1,4,2,1,2,2,2,10,2,3,2,9,1,8,2,9,6,2,4,2,1,3,2,3,4,2,2,1,1,1,3,3,3,7,2
"320",322,7,2,52,1,1,1,2,2,2,2,2,2,10,3,2,5,5,3,4,4,1,2,1,4,3,1,1,2,3,11,2,3,1,7,0,3,3,6,14,2
"321",323,7,2,36,1,4,3,5,2,2,5,1,2,10,2,2,3,8,1,7,1,6,4,1,4,2,1,2,2,3,13,1,5,1,4,0,4,3,6,16,2
"322",324,7,2,65,1,1,2,4,2,1,1,2,1,10,1,1,8,6,8,5,7,1,4,4,2,3,1,1,1,3,6,2,2,1,2,0,3,3,4,12,2
"323",325,7,2,29,1,5,4,3,3,4,2,2,1,10,2,2,1,7,5,7,4,2,4,3,2,2,1,2,2,3,7,2,2,2,4,0,4,4,5,16,3
"324",326,7,1,48,1,2,1,5,2,2,2,2,2,10,3,2,3,8,1,8,1,8,5,1,4,2,1,2,3,3,5,2,4,1,4,0,3,3,5,16,2
"325",327,7,1,58,1,2,2,5,2,1,1,1,2,10,3,2,5,6,1,7,1,4,6,1,4,2,1,2,2,3,7,2,2,1,1,6,3,3,5,5,2
"326",328,7,2,38,1,4,3,4,4,2,1,2,10,5,3,1,8,5,5,5,5,1,4,6,3,3,1,1,1,3,13,6,0,2,1,1,5,4,6,3,3
"327",329,7,1,25,1,4,2,4,5,2,1,1,4,10,3,1,8,3,7,1,8,1,2,6,2,4,1,1,7,3,10,6,0,2,1,1,4,3,6,5,2
"328",330,7,1,73,1,3,1,2,2,1,1,4,1,10,1,1,9,5,8,6,8,3,3,4,2,3,1,1,1,3,2,1,6,1,2,0,5,3,2,12,2
"329",331,7,2,36,1,1,1,2,2,1,1,1,1,10,1,1,9,3,9,1,7,1,1,6,2,4,1,1,1,3,11,5,0,2,1,1,3,3,6,1,2
"330",332,7,1,48,1,4,4,3,2,1,1,1,4,10,3,8,1,8,7,4,9,1,3,6,2,4,1,4,8,3,6,5,0,1,1,1,5,4,4,3,3
"331",333,7,1,34,1,4,4,4,4,2,1,2,10,10,3,5,3,7,4,5,3,5,6,4,4,3,1,5,5,3,4,2,1,1,1,1,5,4,3,8,3
"332",334,7,2,39,1,4,4,4,4,1,5,4,10,10,2,2,3,5,5,6,3,6,2,1,3,3,1,2,2,3,14,1,4,1,1,1,5,3,6,2,2
"333",335,7,2,58,1,1,2,3,2,1,1,4,1,10,1,1,8,1,10,4,7,1,5,7,1,3,1,1,1,3,4,2,1,1,7,0,6,3,3,14,2
"334",336,8,1,38,1,2,2,4,4,1,2,1,2,10,3,2,1,5,2,3,1,2,2,3,4,3,1,5,5,3,8,2,2,2,1,2,6,3,6,1,2
"335",337,8,2,36,1,4,1,4,2,1,2,2,10,8,1,2,5,6,3,6,6,1,4,3,4,2,1,5,5,3,11,5,0,2,1,1,5,4,6,3,3
"336",338,8,1,49,1,4,3,4,2,4,1,1,6,10,3,2,5,3,1,5,1,1,7,6,4,2,1,5,1,3,12,4,0,1,1,1,2,3,6,2,2
"337",339,8,1,40,1,2,1,4,2,1,1,2,2,10,3,4,1,2,5,8,5,1,7,10,3,2,1,4,4,3,6,6,0,1,1,1,3,3,4,11,2
"338",340,8,1,74,1,3,2,4,2,4,1,2,2,10,2,2,5,5,2,8,1,5,5,1,4,2,1,2,2,3,11,1,5,1,2,0,2,3,6,12,2
"339",341,8,1,31,1,3,2,2,2,2,2,1,4,10,2,1,8,3,8,1,10,1,1,7,1,4,1,4,8,3,7,2,1,2,1,1,5,4,5,7,3
"340",342,8,2,63,1,2,2,5,2,1,4,4,2,10,2,2,3,4,1,6,1,3,2,1,4,2,1,2,2,3,5,2,1,1,2,0,3,3,5,12,2
"341",343,8,1,46,1,5,1,4,2,1,2,1,2,2,3,2,1,6,3,5,1,1,1,2,3,3,1,1,2,3,4,2,1,1,1,1,4,3,3,8,2
"342",344,8,1,44,1,4,2,2,2,2,2,2,4,9,2,1,4,3,6,4,7,1,4,6,2,2,1,1,1,3,7,4,0,1,1,1,3,3,5,3,2
"343",345,8,1,79,1,2,1,2,2,2,1,4,1,10,2,1,4,3,8,3,7,1,4,6,1,3,1,1,1,3,11,4,0,1,2,0,3,3,6,12,2
"344",346,8,2,61,1,4,4,5,2,1,3,4,8,10,3,3,2,10,10,9,1,10,3,1,4,3,1,3,3,3,9,2,3,1,8,0,3,3,6,15,2
"345",347,8,1,50,1,5,5,5,4,1,4,1,3,0,3,3,2,5,1,8,6,8,9,1,4,1,1,3,3,3,7,2,1,5,1,1,5,3,5,3,2
"346",348,8,1,70,1,2,2,5,4,2,5,1,2,10,2,2,3,6,1,8,1,5,5,1,4,2,1,2,2,3,11,2,3,1,1,2,5,3,6,1,2
"347",349,8,2,31,1,2,3,2,2,1,1,2,1,10,3,1,2,5,9,7,7,5,5,6,2,3,1,1,1,3,4,2,2,5,2,0,5,3,3,12,2
"348",350,8,1,21,1,5,3,4,4,1,4,1,3,8,2,3,2,8,1,7,8,8,1,1,4,2,1,3,3,3,5,1,5,2,1,1,2,5,5,6,4
"349",351,8,2,62,1,5,2,5,2,1,3,2,8,10,1,2,3,8,1,10,1,8,2,1,4,1,1,2,2,3,9,2,2,2,1,1,5,3,6,2,2
"350",352,8,1,42,1,2,1,4,4,5,2,2,3,10,3,3,2,8,3,6,2,8,6,1,4,2,1,2,3,3,7,2,2,2,1,1,5,3,5,1,2
"351",353,8,1,54,1,4,2,2,2,2,2,1,4,10,3,4,1,3,7,3,9,1,4,9,2,3,1,4,9,3,12,4,0,1,1,1,4,3,6,2,2
"352",354,8,1,55,1,4,3,4,2,1,1,1,4,10,1,1,8,3,6,2,7,1,1,5,2,4,1,1,1,3,7,2,1,1,1,1,5,3,5,7,2
"353",355,8,1,61,1,4,2,2,2,1,1,1,1,10,2,1,8,1,8,3,10,1,3,8,2,3,1,1,8,3,6,6,0,1,1,1,4,4,4,4,3
"354",356,8,2,43,1,4,2,4,4,1,1,2,1,10,2,1,4,6,8,3,9,1,6,7,3,4,1,1,1,3,7,2,1,1,1,3,4,4,5,5,3
"355",357,8,1,43,1,5,3,5,2,2,4,1,8,10,3,2,3,8,1,8,1,8,6,1,4,2,1,3,2,3,11,2,1,2,1,1,1,3,6,3,2
"356",358,8,1,45,1,4,2,4,2,1,1,2,1,10,1,1,5,4,7,2,4,3,6,2,2,4,1,1,1,3,5,2,2,5,1,3,3,3,5,8,2
"357",359,8,1,20,1,4,3,4,2,1,1,1,7,10,3,8,1,4,5,4,6,3,3,6,3,4,3,0,8,3,6,6,0,2,6,0,4,5,4,13,4
"358",360,8,1,28,1,2,2,4,2,2,2,4,10,8,3,2,3,7,3,5,4,4,4,2,3,2,1,5,5,3,7,2,1,2,1,3,2,3,5,6,2
"359",361,8,1,23,1,2,3,4,2,4,1,2,4,10,2,1,4,2,8,2,10,1,2,6,2,4,1,1,1,3,13,6,0,2,1,1,3,4,6,2,3
"360",362,8,1,57,1,1,1,2,2,1,2,1,9,4,5,5,1,5,4,3,5,4,5,6,3,3,2,0,5,3,11,4,0,1,1,1,3,3,6,4,2
"361",363,8,2,34,1,2,2,4,2,2,1,1,4,10,2,8,9,1,7,1,10,1,1,8,2,4,1,4,8,3,11,6,0,1,1,1,4,5,6,2,4
"362",364,8,1,27,1,2,1,2,2,1,1,5,5,10,3,9,1,3,7,3,5,1,4,7,2,3,1,1,9,3,10,5,0,2,1,3,4,3,6,2,2
"363",365,8,2,37,1,2,2,4,2,2,2,2,6,7,3,5,9,4,4,3,5,1,6,4,3,3,1,5,5,3,10,2,1,1,1,1,3,3,6,4,2
"364",366,8,2,62,1,5,1,2,2,1,1,5,1,10,1,1,8,1,10,1,10,1,1,10,1,4,1,1,1,3,4,4,0,1,1,1,4,4,3,5,3
"365",367,8,1,56,1,4,1,2,2,2,1,1,4,10,3,9,4,2,8,2,9,1,1,7,2,4,1,4,8,3,14,6,0,1,1,1,1,2,6,1,1
"366",368,8,1,20,1,1,2,5,2,1,2,5,10,0,3,3,2,8,1,7,1,8,7,1,4,2,3,0,3,3,6,2,1,2,6,0,3,3,4,13,2
"367",369,8,2,60,1,1,1,2,2,1,1,1,1,8,1,1,4,2,10,1,9,1,5,5,1,4,1,1,8,3,7,2,2,4,3,0,6,4,5,15,3
"368",370,8,2,39,1,4,2,4,2,1,4,2,2,10,3,2,5,6,1,7,3,5,6,1,4,2,1,5,2,3,10,2,3,1,1,1,3,3,6,3,2
"369",371,8,2,52,1,1,2,2,2,2,1,1,1,10,2,1,4,2,8,2,9,1,1,7,2,3,1,4,4,3,11,4,0,1,1,1,4,4,6,2,3
"370",372,8,1,29,1,4,1,4,2,1,2,2,2,10,3,2,5,8,1,9,1,1,5,1,4,1,1,2,2,3,10,2,1,1,1,1,1,3,6,2,2
"371",373,8,1,43,1,2,2,5,2,2,4,2,2,10,2,2,3,10,1,9,2,7,5,1,4,2,1,2,2,3,7,2,2,1,1,1,3,4,5,4,3
"372",374,8,1,48,1,1,2,4,2,1,4,1,2,10,2,2,3,8,1,8,1,6,6,2,4,2,1,2,2,3,11,1,4,1,1,1,2,3,6,1,2
"373",375,8,1,37,1,5,4,5,2,5,3,5,2,10,3,3,2,8,1,5,2,6,6,1,4,2,1,2,2,3,8,2,2,2,1,1,4,3,6,3,2
"374",376,8,2,53,1,2,2,5,4,5,1,5,4,10,1,2,1,5,3,5,10,1,10,1,4,2,1,2,2,3,11,1,5,2,1,1,4,3,6,4,2
"375",377,8,1,43,1,4,1,2,2,2,1,2,4,10,3,4,1,3,6,2,8,1,1,8,2,4,1,4,4,3,8,6,0,1,1,1,3,4,6,3,3
"376",378,8,1,48,1,5,2,4,2,1,1,4,4,10,3,1,4,5,7,1,7,1,1,3,2,4,1,1,1,3,7,5,0,1,1,1,3,3,5,7,2
"377",379,8,1,30,1,4,2,4,2,2,4,2,2,9,3,2,3,7,3,6,2,6,4,1,4,2,1,3,2,3,13,1,3,1,1,1,2,3,6,2,2
"378",380,8,1,66,1,2,2,2,2,1,1,1,1,10,2,1,7,1,8,2,7,1,4,7,2,3,1,1,9,3,6,2,2,1,2,0,4,3,4,12,2
"379",381,8,1,60,1,2,1,4,2,4,2,2,2,8,3,2,3,7,4,8,5,7,6,1,3,2,1,2,2,3,7,1,6,1,1,1,2,3,5,6,2
"380",382,8,1,40,1,4,2,5,4,2,1,2,3,8,3,3,5,6,1,5,3,6,7,1,4,3,1,1,3,3,7,5,0,1,4,0,5,5,5,16,4
"381",383,8,2,42,1,1,1,5,2,1,1,2,2,10,1,2,3,8,1,8,1,8,1,1,4,1,1,2,2,3,9,1,4,2,1,2,2,3,6,1,2
"382",384,8,2,42,1,4,1,4,2,1,4,2,2,10,2,2,5,7,1,8,7,4,5,1,4,2,1,2,2,3,13,2,1,1,1,1,3,3,6,5,2
"383",385,8,1,41,1,2,1,4,2,1,1,4,1,10,2,1,5,4,7,3,5,1,6,6,2,4,1,1,1,3,5,2,2,2,1,1,3,5,5,7,4
"384",386,8,2,52,1,2,1,5,2,1,2,1,2,10,1,2,1,8,5,7,3,5,5,1,4,2,1,2,2,3,11,2,3,1,1,1,2,3,6,4,2
"385",387,8,1,35,1,1,2,4,2,2,4,2,6,8,3,5,2,6,4,6,5,2,7,4,3,2,1,5,5,3,7,6,0,1,1,1,1,3,5,3,2
"386",388,8,2,37,1,1,1,4,2,1,1,1,1,10,1,1,4,3,8,3,7,1,1,7,1,4,1,1,1,3,9,2,2,1,1,1,4,3,6,2,2
"387",389,8,2,25,1,4,3,4,5,1,2,2,1,10,2,1,8,2,7,4,6,1,3,5,2,4,1,1,8,3,13,4,0,2,1,1,5,5,6,3,4
"388",390,8,1,35,1,4,2,4,2,1,2,1,10,10,3,5,2,6,5,6,3,1,8,7,3,2,1,5,5,3,12,4,0,2,1,1,3,4,6,2,3
"389",391,8,2,64,1,4,1,2,2,1,1,1,1,10,3,1,9,3,10,3,9,1,4,8,1,3,1,1,1,3,6,1,2,1,1,1,3,5,4,2,4
"390",392,9,2,42,1,4,2,4,2,1,1,2,1,10,3,8,1,1,5,1,5,1,3,4,3,4,1,1,1,3,13,6,0,1,1,1,4,3,6,2,2
"391",393,9,1,52,1,1,1,4,2,2,2,4,10,10,3,2,5,6,2,4,2,1,5,3,4,3,1,2,5,3,12,5,0,1,1,1,3,3,6,2,2
"392",394,9,1,70,1,4,2,2,2,1,2,1,1,9,3,1,4,4,6,4,6,1,1,2,2,3,1,1,1,3,11,6,0,3,2,0,2,4,6,12,3
"393",395,9,2,63,1,2,1,4,2,2,2,2,1,8,3,1,2,5,8,8,9,4,5,5,2,2,1,1,1,3,5,2,2,5,2,0,4,3,5,12,2
"394",396,9,1,22,1,4,3,4,2,2,1,2,4,10,1,1,8,2,6,4,9,1,3,5,2,3,1,1,1,3,10,4,0,2,4,0,4,3,6,16,2
"395",397,9,1,44,1,5,3,4,2,1,1,1,3,10,1,3,2,10,1,7,1,10,2,1,4,2,1,3,3,3,14,1,4,1,1,2,1,1,6,1,1
"396",398,9,1,65,1,4,1,4,2,1,1,2,2,10,2,2,5,6,2,8,3,4,6,1,4,2,1,5,5,3,13,1,5,1,2,0,1,2,6,12,1
"397",399,9,2,37,1,2,2,5,2,2,1,4,1,9,2,1,4,1,8,5,7,1,6,8,2,3,1,4,8,3,4,2,1,2,1,1,5,3,3,5,2
"398",400,9,1,71,1,5,3,2,2,5,2,2,1,10,3,1,8,7,8,6,8,1,1,7,2,3,1,4,1,3,7,5,0,1,2,0,4,3,5,12,2
"399",401,9,1,59,1,2,2,4,2,2,1,2,10,9,2,1,8,4,4,3,5,1,1,3,3,3,1,1,1,3,12,2,2,1,4,0,3,3,6,16,2
"400",402,9,2,40,1,4,3,4,2,1,2,2,8,0,5,2,5,7,4,7,4,5,7,2,3,2,2,0,2,3,6,2,2,3,1,2,3,3,4,5,2
"401",403,9,1,26,1,5,2,5,2,5,5,5,3,0,5,3,2,7,1,2,1,2,4,1,4,4,2,0,5,3,7,5,0,2,1,1,1,3,5,7,2
"402",404,9,1,56,1,4,2,4,2,2,2,1,9,10,2,2,5,6,4,6,4,2,5,3,3,2,1,5,2,3,7,2,2,1,1,1,3,3,5,3,2
"403",405,9,1,40,1,4,2,2,2,1,1,1,4,10,3,1,8,3,6,2,8,1,2,5,2,3,1,1,1,3,6,6,0,2,1,3,2,4,4,1,3
"404",406,9,2,55,1,2,1,4,4,1,2,1,9,10,3,2,5,4,1,7,1,1,5,5,4,2,1,2,1,3,7,2,3,5,1,1,4,3,5,4,2
"405",407,9,2,39,1,2,2,4,2,1,1,1,10,10,1,1,8,3,5,4,6,1,4,6,3,3,1,4,1,3,7,6,0,1,4,0,5,3,5,16,2
"406",408,9,1,34,1,4,3,2,1,1,1,1,1,10,2,1,2,4,7,6,7,3,4,5,2,2,1,1,1,3,13,4,0,2,1,1,2,2,6,3,1
"407",409,9,1,39,1,5,3,5,4,1,4,1,2,9,3,2,3,5,2,7,2,6,8,4,3,2,1,5,5,3,12,2,2,2,1,3,5,3,6,2,2
"408",410,9,1,49,1,2,4,4,2,1,2,1,2,10,3,2,5,5,5,6,4,1,7,6,3,2,1,5,5,3,4,2,2,1,1,1,2,2,3,5,1
"409",411,9,1,77,1,5,3,5,2,5,5,2,2,10,1,2,3,10,1,10,1,9,9,1,4,2,1,2,2,3,2,1,2,1,2,0,2,3,2,12,2
"410",412,9,1,41,2,4,2,4,2,4,1,1,2,9,3,2,5,5,6,8,3,1,3,1,3,2,1,5,2,3,13,3,3,1,1,1,2,4,6,1,3
"411",413,9,2,64,1,2,1,4,2,2,4,5,10,7,3,6,2,7,6,5,4,1,5,2,4,4,2,0,2,3,6,2,1,1,2,0,1,3,4,12,2
"412",414,9,2,30,1,4,2,4,2,1,1,4,10,10,3,1,8,3,5,4,97,1,3,6,3,3,1,1,8,3,13,6,0,2,1,1,3,5,6,2,4
"413",415,9,2,21,1,4,2,2,4,2,1,2,4,10,2,4,1,2,8,3,9,1,4,9,2,4,2,0,4,3,6,6,0,2,6,0,3,3,4,13,2
"414",416,9,1,31,2,4,4,2,2,1,1,1,8,10,3,10,6,5,1,1,1,1,1,1,4,3,4,0,2,3,7,2,1,1,1,1,5,4,5,5,3
"415",417,9,1,53,1,2,3,4,2,1,4,1,10,9,3,3,2,7,4,6,4,4,7,5,4,2,1,5,5,3,7,2,2,1,1,1,3,4,5,8,3
"416",418,9,1,54,1,4,2,4,2,1,1,4,10,10,2,1,8,1,6,1,7,5,1,5,3,4,1,1,1,3,7,5,0,1,1,1,2,5,5,2,4
"417",419,9,2,38,1,4,4,2,1,2,2,2,1,10,2,1,4,3,10,1,1,1,1,8,1,4,1,1,1,3,10,4,0,1,1,3,3,3,6,2,2
"418",420,9,1,44,1,2,1,4,2,1,1,2,4,10,3,4,1,3,6,5,10,1,1,6,2,3,1,1,4,3,9,2,2,1,1,1,3,3,6,8,2
"419",421,9,1,68,1,2,2,2,2,2,2,2,8,10,3,2,5,5,5,5,1,1,5,1,3,2,1,5,5,3,4,2,2,1,2,0,4,4,3,12,3
"420",422,9,1,25,1,2,3,2,2,4,4,1,1,6,5,2,5,6,5,6,7,4,5,5,3,3,1,5,5,3,5,2,6,2,1,1,3,3,5,5,2
"421",423,9,2,30,1,2,2,2,3,4,1,1,1,10,3,1,8,2,7,4,7,1,2,7,2,3,1,1,1,3,10,4,0,2,1,1,4,4,6,3,3
"422",424,9,1,42,1,1,2,4,2,2,4,2,8,10,1,2,5,7,5,8,7,5,6,4,3,2,1,2,2,3,7,2,3,2,1,1,4,5,5,9,4
"423",425,9,1,57,1,2,5,4,2,4,2,5,2,10,3,2,3,8,1,10,5,7,7,1,4,1,1,2,2,3,6,2,2,5,1,2,4,3,4,1,2
"424",426,9,1,39,1,5,2,5,2,2,1,2,2,10,3,2,3,5,1,6,1,5,4,3,4,2,1,5,5,3,13,2,1,1,1,1,2,3,6,3,2
"425",427,9,1,56,1,5,2,5,2,5,4,2,8,10,3,3,2,3,1,3,2,3,1,1,4,3,1,5,3,3,13,2,2,1,1,1,1,3,6,2,2
"426",428,9,2,44,1,4,2,4,4,1,1,1,1,9,2,1,8,2,7,5,8,3,4,8,2,3,1,1,1,3,15,4,0,2,1,1,2,3,6,4,2
"427",429,9,2,52,1,2,2,4,1,2,2,2,2,10,2,2,5,8,2,9,3,5,6,3,4,1,1,2,2,3,11,2,2,1,1,1,1,3,6,2,2
"428",430,9,1,31,1,4,2,5,2,1,1,2,4,5,2,4,1,3,6,4,7,1,2,6,2,4,2,0,4,3,7,2,1,2,1,1,4,5,5,7,4
"429",431,9,2,52,1,3,1,4,2,1,1,5,10,10,1,1,10,4,7,2,3,1,1,4,1,3,1,1,1,3,9,4,0,1,1,1,3,3,6,2,2
"430",432,9,1,39,1,4,3,2,2,2,2,4,6,9,3,5,1,6,2,6,4,6,7,6,4,2,1,5,5,3,10,2,1,2,1,1,1,3,6,3,2
"431",433,9,1,57,1,4,2,2,2,1,1,2,1,10,2,1,2,5,9,7,7,4,5,6,2,3,1,1,1,3,4,3,2,1,1,1,5,4,3,7,3
"432",434,9,1,45,1,4,3,5,2,1,4,4,3,10,2,3,2,10,1,5,1,10,1,1,4,3,1,3,3,3,7,2,1,2,1,1,4,4,5,7,3
"433",435,9,1,52,1,1,1,2,2,1,1,1,1,10,2,1,4,1,10,5,6,1,5,8,2,3,1,1,1,3,7,3,6,5,1,3,3,3,5,5,2
"434",436,9,1,23,1,1,1,2,2,2,1,1,4,10,2,4,7,2,5,1,9,1,2,7,3,4,1,4,4,3,10,6,0,2,1,1,3,3,6,2,2
"435",437,9,1,49,1,1,1,4,2,1,1,1,1,10,2,1,8,4,7,4,8,1,3,6,2,3,1,1,1,3,9,6,0,1,1,1,3,3,6,5,2
"436",438,9,1,37,1,4,1,2,2,2,1,2,4,10,3,4,1,3,7,5,9,3,3,5,2,3,1,1,4,3,10,1,5,1,1,1,3,3,6,1,2
"437",439,9,2,55,1,5,5,5,4,1,1,2,10,0,3,5,3,5,1,1,1,4,1,1,4,4,2,0,1,3,13,2,1,2,4,0,3,3,6,16,2
"438",440,9,2,45,1,4,3,4,4,2,1,2,2,10,3,2,1,6,3,8,5,5,5,3,4,2,1,2,2,3,5,2,2,5,1,1,5,5,5,2,4
"439",441,9,1,66,1,1,1,2,2,1,1,1,1,10,2,1,9,1,9,1,9,1,2,8,1,4,1,1,1,3,6,4,0,1,2,0,3,5,4,12,4
"440",442,9,1,74,1,4,5,4,2,1,1,1,9,10,3,5,3,6,5,6,6,8,9,5,3,3,1,5,5,3,4,5,0,1,2,0,3,4,3,12,3
"441",443,9,1,66,1,4,2,5,2,1,2,1,3,10,3,3,2,7,1,7,1,9,4,1,4,2,1,3,2,3,7,4,0,1,2,0,3,3,5,12,2
"442",444,9,1,35,1,2,1,2,2,1,2,1,1,10,3,1,6,5,9,5,6,1,3,4,1,3,1,1,1,3,13,6,0,2,1,1,1,3,6,3,2
"443",445,9,1,41,1,4,3,5,2,1,1,1,2,10,3,2,3,6,3,6,6,3,7,5,4,2,1,2,2,3,6,2,1,1,4,0,3,3,4,16,2
"444",446,9,1,49,1,5,4,5,2,1,4,1,3,10,3,3,2,6,1,5,3,7,3,2,4,3,1,2,3,3,4,2,1,1,1,1,4,3,3,8,2
"445",447,9,1,43,1,2,1,2,2,1,1,1,1,10,2,1,8,3,7,1,9,1,5,7,2,4,1,1,1,3,13,5,0,1,1,1,3,4,6,2,3
"446",448,10,1,41,1,5,2,2,2,1,2,4,4,9,2,4,1,4,6,4,8,1,4,6,3,4,1,4,1,3,5,5,0,1,1,1,4,4,5,3,3
"447",449,10,1,46,1,5,2,4,2,2,2,2,2,10,3,2,5,5,4,8,7,3,3,5,3,1,1,2,2,3,11,5,0,2,1,1,4,3,6,2,2
"448",450,10,1,49,1,2,1,3,3,1,1,1,1,10,2,1,4,5,7,4,8,2,3,6,2,3,1,1,1,3,9,2,1,2,4,0,6,4,6,16,3
"449",451,10,1,30,1,4,4,5,2,5,2,2,10,9,2,3,2,8,1,8,2,8,5,2,4,2,2,0,3,3,10,6,0,2,1,1,1,2,6,3,1
"450",452,10,1,35,1,2,4,5,1,1,5,1,3,10,3,2,3,10,2,9,1,9,5,1,4,1,1,3,2,3,7,1,3,1,1,3,4,3,5,3,2
"451",453,10,2,32,1,3,2,4,4,2,1,3,4,10,2,1,4,3,7,2,9,1,2,5,2,3,1,1,1,3,13,6,0,2,1,1,5,4,6,3,3
"452",454,10,2,72,1,5,4,1,1,2,2,2,1,10,3,1,8,1,9,1,9,1,2,8,2,4,1,4,8,3,9,4,0,1,2,0,3,3,6,12,2
"453",455,10,2,44,1,4,2,2,2,1,1,1,1,10,2,1,8,3,8,5,6,1,7,7,2,3,1,1,1,3,11,6,0,1,1,1,4,3,6,2,2
"454",456,10,2,66,1,2,2,3,2,1,1,2,1,10,2,1,9,4,5,4,6,1,2,3,2,2,1,1,1,3,6,5,0,1,2,0,4,3,4,12,2
"455",457,10,1,54,1,5,2,5,1,5,5,5,8,10,2,2,3,7,1,6,1,5,2,2,4,2,1,2,2,3,6,5,0,1,1,2,1,3,4,1,2
"456",458,10,1,69,1,5,2,5,2,1,2,2,2,10,2,3,2,8,2,7,3,7,6,1,4,2,1,2,2,3,6,2,1,1,2,0,5,3,4,12,2
"457",459,10,2,44,1,4,2,2,2,2,1,2,1,10,3,1,4,3,8,5,8,1,2,7,2,3,1,1,1,3,11,6,0,1,1,1,2,3,6,3,2
"458",460,10,1,44,1,2,2,4,2,1,2,4,2,10,3,2,5,6,3,7,2,4,6,1,4,2,1,5,5,3,7,2,1,1,1,1,2,3,5,3,2
"459",461,10,2,57,1,1,2,4,2,2,2,5,1,10,3,1,8,3,8,3,9,1,3,7,1,4,1,1,1,3,6,5,0,1,1,1,3,5,4,4,4
"460",462,10,1,50,1,4,2,5,2,1,2,1,2,10,3,2,3,8,1,7,1,7,3,1,4,2,1,3,3,3,7,2,2,1,1,1,3,3,5,1,2
"461",463,10,1,47,1,4,1,5,4,5,2,1,2,10,3,2,3,7,1,9,1,6,6,1,4,1,1,2,2,3,11,2,2,1,1,2,3,3,6,1,2
"462",464,10,1,41,1,1,1,4,4,1,1,1,4,10,3,1,4,3,6,2,7,1,2,6,2,3,1,1,1,3,10,6,0,2,1,1,5,4,6,4,3
"463",465,10,2,25,1,2,2,2,2,2,1,4,1,10,2,1,4,3,6,2,9,1,5,4,3,4,1,1,1,3,10,5,0,2,4,0,3,3,6,16,2
"464",466,10,1,79,1,4,2,3,2,1,1,2,2,10,3,2,5,6,5,7,3,6,6,1,4,3,1,3,2,3,11,2,1,1,2,0,3,3,6,12,2
"465",467,10,2,57,1,4,2,5,2,1,5,4,2,10,1,2,3,9,1,9,1,8,4,1,4,1,1,2,2,3,11,1,6,1,7,0,1,3,6,14,2
"466",468,10,1,43,1,5,1,5,5,1,4,4,2,10,3,2,3,5,1,10,3,6,3,1,3,1,1,2,2,3,4,1,4,1,1,2,3,3,3,1,2
"467",469,10,2,36,1,4,2,4,2,2,2,2,10,10,3,1,9,5,6,2,3,1,6,4,2,3,1,1,1,3,7,2,2,1,4,0,5,3,5,16,2
"468",470,10,1,75,1,5,4,2,2,2,1,2,1,10,1,1,8,3,8,5,7,1,2,5,1,3,1,1,1,3,4,6,0,1,2,0,5,4,3,12,3
"469",471,10,2,44,1,2,2,4,5,2,1,2,5,10,2,4,1,8,7,7,6,1,3,1,3,3,1,4,8,3,5,5,0,1,1,3,3,3,5,5,2
"470",472,10,2,72,1,3,2,5,4,2,3,1,2,10,1,2,3,10,1,8,7,7,7,1,4,1,1,2,2,3,7,1,3,3,2,0,6,3,5,12,2
"471",473,10,1,41,1,2,3,5,4,2,4,1,10,10,3,2,3,5,1,7,2,8,8,2,4,2,1,5,5,3,12,1,2,1,1,2,6,3,6,2,2
"472",474,10,1,59,1,1,2,4,2,1,1,1,4,10,3,4,9,1,5,1,9,1,3,5,3,4,1,4,9,3,5,2,2,4,2,0,4,3,5,12,2
"473",475,10,2,35,1,1,1,5,2,1,2,4,2,10,3,2,5,5,1,9,4,2,7,1,4,2,1,5,5,3,11,5,0,2,1,1,2,3,6,2,2
"474",476,10,1,37,1,5,2,5,2,1,4,2,2,10,3,2,3,7,2,8,2,6,5,1,4,1,1,2,2,3,13,1,5,1,1,2,2,3,6,1,2
"475",477,10,1,72,1,4,3,2,2,2,1,2,1,10,1,1,8,5,8,1,7,1,2,5,2,4,1,1,1,3,2,2,1,1,2,0,4,4,2,12,3
"476",478,10,2,31,2,2,2,4,2,1,1,2,1,10,2,8,1,1,7,6,9,1,4,9,2,3,1,4,8,3,7,6,0,2,1,1,5,4,5,3,3
"477",479,10,2,39,1,2,1,2,2,4,1,2,1,10,3,9,8,2,8,2,9,1,1,6,2,4,1,4,8,3,14,6,0,1,1,1,2,5,6,2,4
"478",480,10,1,49,1,4,2,4,2,4,2,2,2,9,3,2,5,5,4,5,3,1,4,3,3,2,1,5,5,3,15,6,0,1,1,1,1,2,6,1,1
"479",481,10,1,43,1,4,2,2,2,2,1,1,1,10,3,7,8,2,6,1,7,1,2,7,2,4,1,4,7,3,12,4,0,2,8,0,3,3,6,15,2
"480",482,10,1,59,1,4,2,5,2,5,5,1,2,10,3,3,2,8,1,6,1,8,1,1,4,2,1,2,3,3,11,2,1,1,1,1,4,3,6,1,2
"481",483,10,2,58,1,2,2,4,2,1,1,1,1,10,1,1,8,1,9,1,9,1,1,8,2,4,1,1,8,3,4,2,3,1,4,0,5,5,3,16,4
"482",484,10,2,71,1,2,1,4,2,1,1,2,1,10,3,1,8,3,10,1,10,1,1,6,1,4,1,4,1,3,9,6,0,1,2,0,4,3,6,12,2
"483",485,10,1,42,1,4,2,5,2,1,2,2,3,10,3,3,2,8,1,5,3,7,5,2,4,2,1,3,3,3,10,2,2,5,1,1,4,3,6,10,2
"484",486,10,1,18,1,2,1,4,2,1,2,1,1,10,3,8,2,1,5,3,5,6,2,4,3,4,3,0,2,3,2,2,2,2,4,0,5,6,2,16,5
"485",487,10,1,46,1,5,5,2,2,1,1,2,3,10,3,3,2,7,4,5,3,6,7,4,4,3,1,5,5,3,6,2,1,2,1,3,1,3,4,1,2
"486",488,10,1,52,1,2,2,5,2,4,4,2,8,10,3,3,2,7,2,7,5,7,10,3,3,2,1,5,5,3,13,1,5,2,1,1,2,3,6,3,2
"487",489,10,1,25,1,2,2,4,2,2,2,1,3,8,2,3,2,7,1,5,1,6,3,1,4,3,1,3,3,3,13,2,2,2,1,1,1,3,6,2,2
"488",490,10,1,60,1,2,2,2,2,1,1,1,4,10,2,1,8,3,6,2,8,1,1,8,2,4,1,4,4,3,11,6,0,1,8,0,2,3,6,15,2
"489",491,10,1,84,1,2,2,4,2,1,1,1,1,10,1,1,8,3,9,2,6,1,2,6,2,4,1,1,1,3,13,2,1,5,2,0,5,3,6,12,2
"490",492,10,2,25,1,4,2,4,2,2,1,2,1,10,2,1,4,3,6,5,8,1,5,7,2,2,1,1,1,3,13,6,0,2,6,0,4,3,6,13,2
"491",493,10,1,71,1,3,2,5,4,5,2,2,2,10,3,2,5,5,1,8,1,4,6,1,4,3,1,2,2,3,9,2,1,1,2,0,4,4,6,12,3
"492",494,10,1,32,1,1,2,3,2,2,1,1,7,10,2,8,7,3,7,1,8,1,5,9,2,4,1,4,8,3,10,4,0,2,1,3,1,3,6,2,2
"493",495,10,2,55,2,4,1,4,2,2,1,1,1,10,2,1,7,1,8,1,10,1,3,9,2,4,1,1,1,3,4,2,1,1,7,0,4,3,3,14,2
"494",496,10,1,45,1,5,3,1,2,4,2,2,4,10,2,8,1,2,9,1,10,1,1,3,2,4,1,1,1,3,13,6,0,1,1,1,3,4,6,3,3
"495",497,10,2,35,1,2,1,4,2,1,1,1,1,10,2,6,8,3,7,3,8,1,4,6,2,3,1,6,6,3,13,6,0,2,1,1,2,3,6,3,2
"496",498,10,2,28,2,5,1,4,2,1,2,2,8,10,3,2,6,6,1,8,3,6,5,1,4,2,1,2,2,3,5,1,3,1,1,1,3,3,5,4,2
"497",499,10,1,58,1,2,2,2,2,2,1,2,2,10,3,2,1,7,6,7,6,5,4,4,3,2,1,2,2,3,5,2,3,1,1,1,2,3,5,1,2
"498",500,10,2,77,1,2,1,4,2,1,1,2,1,10,2,1,4,2,8,5,7,1,4,8,2,3,1,1,1,3,9,2,4,1,2,0,3,4,6,12,3
"499",501,10,1,46,1,2,2,5,3,1,4,4,2,10,3,3,2,6,1,5,3,5,5,4,4,3,1,2,2,3,1,6,0,5,1,3,5,4,1,7,3
"500",502,10,2,50,1,4,2,5,2,1,3,4,3,10,3,3,2,8,2,6,2,8,5,2,4,2,1,3,3,3,8,1,5,1,1,1,3,3,6,3,2
"501",503,10,1,42,1,4,2,3,2,1,1,1,1,10,3,1,8,4,6,4,7,1,3,6,2,3,1,1,1,3,11,4,0,1,1,1,3,5,6,3,4
"502",504,10,1,48,1,4,2,2,2,1,1,2,4,10,2,4,1,1,7,3,10,1,2,9,2,3,1,4,4,3,9,5,0,1,1,1,3,3,6,3,2
"503",506,10,2,30,1,4,4,4,2,1,1,1,1,10,1,6,1,1,5,4,2,1,1,6,2,3,1,1,1,3,10,4,0,2,1,1,2,3,6,2,2
"504",507,10,1,45,1,1,1,2,2,2,4,4,1,10,1,1,5,1,10,5,10,1,8,7,2,3,1,1,1,3,6,2,1,1,1,2,4,3,4,4,2
"505",508,10,1,48,1,4,1,2,2,1,1,2,1,10,2,1,6,5,8,6,6,2,6,6,1,4,1,1,1,3,5,5,0,1,1,1,3,3,5,5,2
"506",509,10,2,50,1,2,1,4,4,1,1,1,2,10,3,2,5,5,2,5,3,1,1,1,4,2,1,5,5,3,14,1,2,2,1,1,5,3,6,2,2
"507",510,10,1,44,1,2,2,2,2,1,1,3,1,10,1,1,9,3,10,1,8,1,1,7,1,4,1,1,1,3,7,2,2,2,1,1,4,3,5,1,2
"508",511,10,2,54,1,2,1,4,2,1,2,2,2,9,2,2,3,9,4,8,4,6,6,3,3,2,1,2,2,3,11,2,1,1,1,1,2,3,6,2,2
"509",512,10,1,26,1,2,2,2,2,1,1,1,4,10,2,1,8,2,7,1,10,1,2,5,2,4,1,1,1,3,6,6,0,2,4,0,6,3,4,16,2
"510",513,10,2,22,1,4,2,4,2,2,3,2,8,10,2,2,3,5,5,8,6,6,3,2,3,2,1,3,3,3,5,5,0,2,4,0,1,4,5,16,3
"511",514,10,2,27,1,4,4,3,2,2,2,5,10,10,3,2,5,6,3,4,6,4,6,5,4,4,1,4,5,3,10,4,0,2,1,3,5,3,6,2,2
"512",515,10,1,46,1,2,2,2,2,2,1,4,1,10,1,1,4,3,8,2,8,1,2,6,2,4,1,1,1,3,12,4,0,1,1,1,3,3,6,1,2
"513",516,10,1,51,1,1,2,5,2,1,1,1,10,10,3,2,1,5,3,3,4,1,1,2,3,2,1,1,1,3,6,5,0,1,1,1,3,3,4,7,2
"514",517,10,1,55,1,5,3,4,4,1,5,5,8,5,3,5,2,5,1,4,1,3,6,1,4,2,1,2,2,3,7,5,0,1,1,1,4,3,5,3,2
"515",518,10,2,53,1,2,1,4,2,2,1,2,2,10,3,2,5,5,4,5,6,1,5,6,3,2,1,1,1,3,13,1,5,1,1,1,2,3,6,1,2
"516",519,10,2,49,1,2,2,4,2,2,1,4,4,10,1,9,8,1,6,5,10,1,4,10,3,3,1,4,8,3,7,6,0,1,1,2,3,3,5,1,2
"517",520,10,1,45,1,2,1,4,5,5,1,2,3,10,3,3,2,10,1,6,5,10,5,1,4,1,1,2,2,3,7,2,1,1,4,0,4,3,5,16,2
"518",521,10,1,56,1,4,2,5,2,1,4,4,3,10,3,3,2,8,1,7,1,8,5,1,4,3,1,3,3,3,6,2,3,4,1,1,5,4,4,1,3
"519",522,10,2,48,1,4,4,4,2,1,4,1,2,10,3,2,3,5,4,10,5,5,7,5,3,1,1,3,2,3,8,1,3,2,1,1,2,3,6,2,2
"520",523,10,1,50,1,2,2,5,4,1,4,2,3,10,3,3,2,7,1,6,1,8,4,1,4,2,1,3,3,3,6,5,0,4,1,1,4,3,4,2,2
"521",524,10,1,25,1,1,1,4,2,1,2,1,2,10,3,2,5,6,6,8,7,1,3,8,2,1,1,5,5,3,13,2,3,2,1,1,4,4,6,2,3
"522",525,10,2,48,1,2,1,2,2,1,1,1,4,10,2,8,9,3,6,3,8,1,3,8,3,4,1,4,8,3,14,5,0,5,1,1,3,5,6,2,4
"523",526,10,2,40,1,4,2,5,2,1,5,1,2,10,1,2,5,8,1,8,1,6,6,1,4,2,1,2,2,3,11,2,2,1,1,3,3,3,6,1,2
"524",527,10,1,33,1,4,2,4,2,4,3,2,2,10,2,2,3,7,2,9,1,7,2,1,4,1,1,2,2,3,13,2,1,2,1,1,3,2,6,2,1
"525",528,10,2,66,1,4,3,5,2,1,5,5,3,10,2,3,2,10,1,4,1,10,3,1,4,3,1,3,3,3,6,1,5,1,1,1,3,3,4,4,2
"526",529,10,1,74,1,2,1,2,2,1,1,1,1,10,2,1,8,3,7,4,6,1,2,5,2,3,1,1,1,3,11,4,0,1,2,0,2,3,6,12,2
"527",530,10,2,55,1,4,2,4,2,4,1,4,1,10,2,1,8,3,8,2,9,1,1,8,2,4,1,1,1,3,8,6,0,1,2,0,2,3,6,12,2
"528",531,10,2,76,1,5,1,5,5,1,3,1,2,10,1,2,3,10,1,10,1,8,5,1,4,1,1,2,2,3,6,1,5,3,3,0,6,3,4,15,2
"529",532,10,2,49,1,2,2,3,2,2,1,4,4,10,2,1,8,4,6,4,8,1,2,7,3,3,1,4,4,3,13,4,0,5,1,1,5,3,6,2,2
"530",533,10,1,59,1,2,2,5,4,1,2,4,2,10,3,2,3,8,2,5,1,4,3,1,4,2,1,3,2,3,13,2,3,1,1,1,3,3,6,3,2
"531",534,10,2,33,1,4,3,4,2,4,1,2,1,10,3,1,4,3,7,5,8,1,3,7,2,3,1,1,4,3,13,6,0,1,1,1,2,3,6,2,2
"532",535,11,2,23,1,4,1,5,4,2,4,1,8,10,3,2,3,10,2,7,3,3,7,1,4,2,1,2,2,3,13,1,4,2,1,1,5,3,6,2,2
"533",536,11,1,55,1,2,1,4,2,1,1,5,2,10,1,2,1,7,6,7,5,4,3,2,3,2,2,0,2,3,7,2,1,2,1,1,2,3,5,7,2
"534",537,11,1,50,1,2,2,4,3,1,2,5,2,10,3,2,5,5,2,7,2,4,5,4,4,2,1,2,2,3,4,1,4,1,1,1,4,4,3,5,3
"535",538,11,1,54,1,4,2,5,3,5,3,1,10,5,2,2,1,7,4,5,3,3,4,1,4,3,1,2,2,3,4,2,1,4,2,0,5,4,3,12,3
"536",539,11,2,52,1,1,2,4,2,1,2,1,1,10,2,1,5,3,4,4,5,1,3,1,3,3,1,1,1,3,11,4,0,1,1,1,2,3,6,3,2
"537",540,11,1,29,1,4,1,4,2,4,2,4,4,10,2,1,8,3,7,1,9,1,2,9,2,4,1,1,7,3,13,2,1,2,1,3,4,3,6,2,2
"538",541,11,2,20,1,2,2,4,4,4,1,4,1,8,6,1,8,3,6,5,4,1,5,4,3,3,3,0,1,3,6,4,0,2,6,0,5,4,4,13,3
"539",542,11,1,72,1,2,2,2,2,1,2,1,1,10,2,1,8,5,8,4,7,1,5,5,2,3,1,1,1,3,9,1,3,1,2,0,3,3,6,12,2
"540",543,11,2,43,1,1,1,4,2,4,1,4,1,10,3,1,5,1,7,5,97,4,6,3,2,3,1,1,1,3,6,1,4,1,4,0,4,3,4,16,2
"541",544,11,1,41,1,2,2,5,2,2,5,2,2,9,2,2,5,9,4,7,4,4,7,4,3,2,1,2,2,3,13,2,2,2,1,3,2,3,6,2,2
"542",545,11,1,62,1,4,2,5,5,1,2,2,2,10,3,2,5,5,1,6,1,2,6,1,4,2,1,3,5,3,6,1,5,1,1,2,6,3,4,6,2
"543",546,11,1,38,1,4,3,5,4,1,5,5,2,10,3,2,3,8,1,9,1,7,1,1,4,2,1,2,2,3,6,2,2,1,1,3,4,5,4,5,4
"544",547,11,2,77,2,2,2,2,2,1,2,1,1,10,1,1,2,6,7,5,6,1,5,3,3,4,1,1,1,3,2,1,5,3,2,0,4,3,2,12,2
"545",548,11,1,37,1,2,1,2,2,2,1,2,1,10,1,1,4,4,10,4,8,1,3,6,1,3,1,1,1,3,13,1,4,2,1,1,3,3,6,2,2
"546",549,11,1,36,1,4,2,5,2,4,1,5,1,10,1,6,1,1,5,2,7,1,2,2,3,3,1,6,6,3,10,2,1,2,4,0,4,4,6,16,3
"547",550,11,2,45,1,1,2,4,2,2,1,1,10,7,2,1,5,3,5,6,4,1,6,5,3,3,1,1,1,3,6,2,3,1,1,1,4,3,4,5,2
"548",551,11,2,46,1,1,1,3,3,1,2,5,1,10,3,2,1,8,7,5,3,6,5,3,2,2,1,2,2,3,11,2,5,2,1,1,5,3,6,2,2
"549",552,11,2,39,1,4,2,4,2,2,1,2,1,10,2,1,4,8,9,3,9,1,3,9,1,3,1,1,1,3,11,4,0,2,1,1,4,3,6,2,2
"550",553,11,1,21,1,4,3,4,2,1,4,4,3,10,3,3,2,6,3,6,3,7,2,4,4,3,1,5,3,3,6,2,1,2,6,0,5,3,4,13,2
"551",554,11,2,32,1,5,3,5,4,1,1,2,9,10,2,3,2,7,2,5,6,8,4,1,4,2,1,3,3,3,4,5,0,2,4,0,6,4,3,16,3
"552",555,11,1,58,1,4,2,5,2,2,2,1,2,10,3,2,3,10,1,7,2,4,4,1,4,2,1,2,2,3,4,6,0,5,4,0,4,3,3,16,2
"553",556,11,1,54,1,1,2,5,2,1,1,4,3,10,2,3,2,10,1,3,3,9,5,1,4,3,1,3,3,3,4,2,3,2,1,1,5,4,3,7,3
"554",557,11,1,21,2,4,2,2,4,1,4,2,10,10,3,2,5,6,4,6,5,4,7,2,3,2,1,2,2,3,6,2,2,2,6,0,6,3,4,13,2
"555",558,11,2,28,1,4,2,4,2,4,2,5,4,10,2,4,1,2,8,5,7,1,5,9,2,3,1,4,9,3,13,5,0,2,1,1,4,4,6,2,3
"556",559,11,1,60,1,4,2,2,2,1,1,1,1,10,1,1,8,2,8,2,8,1,1,7,1,4,1,1,1,3,9,2,2,1,1,1,4,5,6,3,4
"557",560,11,1,19,1,2,2,3,2,5,2,1,3,10,3,2,3,8,4,5,5,7,3,4,3,2,3,0,3,3,7,1,4,2,6,0,4,2,5,13,1
"558",561,11,1,57,1,4,2,5,4,4,1,2,2,9,3,2,5,6,4,8,5,5,5,4,3,2,1,5,5,3,9,2,1,5,1,1,4,3,6,1,2
"559",562,11,1,54,1,4,1,5,2,2,4,1,2,10,2,2,5,6,1,8,2,5,5,2,4,1,1,2,2,3,4,2,2,1,1,1,3,3,3,1,2
"560",563,12,2,65,1,4,2,4,1,1,2,1,2,10,2,2,1,7,4,7,5,1,5,3,3,2,1,2,2,3,9,2,1,1,2,0,1,3,6,12,2
"561",564,12,1,22,1,2,2,5,2,2,2,1,1,10,3,1,8,3,8,5,7,1,3,6,2,3,1,1,1,3,7,2,1,2,1,1,3,3,5,3,2
"562",565,12,2,42,1,5,1,2,2,1,5,2,2,10,3,2,3,6,1,10,5,2,5,1,4,1,1,2,2,3,6,5,0,1,1,3,4,5,4,2,4
"563",566,12,1,30,1,5,3,4,2,4,2,1,2,10,2,2,3,8,3,9,7,7,7,5,3,1,1,2,2,3,7,5,0,2,6,0,4,3,5,13,2
"564",567,12,1,73,1,2,1,2,2,2,1,1,1,10,2,1,9,3,7,3,7,1,4,6,1,4,1,1,1,3,6,4,0,1,2,0,2,3,4,12,2
"565",568,12,2,35,1,4,2,4,2,1,1,2,1,10,3,1,6,2,6,3,8,1,3,8,2,3,1,1,1,3,7,6,0,1,1,1,2,3,5,4,2
"566",569,12,2,22,1,2,3,5,4,1,1,1,1,10,1,1,8,8,9,6,7,1,7,7,1,3,1,1,1,3,4,4,0,2,1,1,6,5,3,5,4
"567",570,12,1,55,1,4,1,4,2,1,2,2,1,10,3,1,5,5,6,4,6,1,5,2,3,3,1,5,1,3,12,2,2,1,1,3,2,3,6,2,2
"568",571,12,1,43,1,1,2,5,3,1,4,1,10,10,3,2,7,5,1,5,3,2,2,6,4,2,1,7,2,3,13,5,0,2,1,1,4,3,6,2,2
"569",572,12,2,55,1,1,1,4,2,1,5,4,2,10,3,2,3,5,1,6,1,5,2,1,4,3,1,2,2,3,4,2,2,2,1,1,4,3,3,4,2
"570",573,12,1,47,1,2,2,2,2,1,1,5,1,10,1,1,8,1,9,2,8,1,1,9,1,4,1,1,8,3,6,2,1,2,1,3,5,3,4,3,2
"571",574,12,2,53,1,5,1,4,2,1,1,1,2,10,1,2,6,7,1,7,1,1,3,1,4,2,1,2,2,3,6,4,0,3,2,0,3,3,4,12,2
"572",575,12,2,75,1,1,4,2,2,2,2,1,1,10,1,1,9,3,8,3,7,1,3,7,2,3,1,1,1,3,9,2,5,1,2,0,3,3,6,12,2
"573",576,12,2,22,1,4,4,4,2,1,5,5,1,10,3,1,2,5,8,6,6,7,6,4,2,3,1,1,1,3,7,2,3,2,1,1,5,3,5,5,2
"574",577,12,1,50,1,2,2,5,3,2,1,2,2,10,3,2,1,5,1,5,5,1,4,3,3,3,1,2,2,3,8,2,2,1,1,1,4,3,6,2,2
"575",578,12,2,20,1,2,3,4,4,4,2,1,1,10,3,1,2,4,8,6,7,1,3,3,2,3,3,0,1,3,6,2,1,2,6,0,5,3,4,13,2
"576",579,12,1,64,1,4,3,2,2,4,2,1,1,10,2,1,4,3,6,3,5,1,1,5,1,3,1,1,1,3,11,5,0,2,1,1,4,4,6,2,3
"577",580,12,2,42,1,2,2,5,4,2,2,2,4,10,3,6,10,4,4,4,5,1,1,2,3,3,1,4,4,3,9,6,0,5,1,1,5,4,6,9,3
"578",581,12,1,40,1,4,2,4,2,2,5,2,2,10,3,2,3,6,1,7,1,4,4,2,4,2,1,2,2,3,13,6,0,2,1,3,1,3,6,1,2
"579",582,12,1,40,1,1,1,2,1,1,1,1,5,10,2,1,8,1,7,5,8,1,4,8,3,3,1,1,1,3,11,2,1,2,1,1,3,3,6,2,2
"580",583,12,2,81,1,2,2,4,2,1,5,2,2,10,3,2,3,8,1,8,1,6,5,1,4,2,1,2,3,3,13,1,4,1,2,0,2,2,6,12,1
"581",584,12,1,36,1,4,2,2,2,4,1,2,1,10,1,1,2,4,8,6,7,1,4,5,1,3,1,1,1,3,11,1,3,2,1,1,4,5,6,2,4
"582",585,12,1,57,1,4,2,4,2,1,4,1,3,10,3,3,2,10,3,6,3,8,6,2,4,2,1,3,3,3,8,2,3,2,1,1,4,3,6,3,2
"583",586,12,2,53,1,2,1,2,2,5,1,2,1,10,2,1,8,3,8,1,8,1,2,9,2,4,1,1,1,3,11,2,1,1,1,1,3,3,6,4,2
"584",587,12,2,34,1,1,2,4,2,1,1,1,1,10,3,1,4,1,8,4,5,1,6,7,2,3,1,4,4,3,5,1,1,2,1,1,5,4,5,5,3
"585",588,12,2,69,1,1,1,4,2,5,2,1,2,10,3,2,3,6,3,9,3,7,7,2,4,1,1,2,2,3,7,1,5,3,2,0,5,3,5,12,2
"586",589,12,1,50,1,4,2,2,2,1,1,1,1,10,2,1,9,2,10,1,5,1,1,8,1,4,1,1,1,3,6,5,0,5,1,1,3,3,4,3,2
"587",590,12,1,67,1,1,1,4,2,2,2,2,10,9,1,2,5,5,3,5,4,3,3,4,3,3,2,0,2,3,11,2,1,1,2,0,2,3,6,12,2
"588",591,12,2,70,1,2,1,3,2,3,1,4,2,10,3,2,5,5,1,9,5,2,8,2,3,3,1,2,2,3,2,1,6,1,7,0,4,5,2,14,4
"589",592,12,2,28,1,1,1,5,5,1,1,5,3,10,3,3,2,10,1,7,2,10,5,1,4,2,1,2,3,3,5,2,2,2,4,0,6,4,5,16,3
"590",593,12,1,63,1,2,1,4,2,2,2,1,2,10,1,2,1,6,4,5,3,1,2,2,2,2,1,2,2,3,7,1,3,1,1,1,5,4,5,8,3
"591",594,12,1,27,1,1,1,3,2,5,1,2,2,10,3,2,1,6,6,7,4,5,4,2,2,1,1,1,1,3,7,6,0,1,1,1,3,3,5,3,2
"592",595,12,2,67,1,5,2,4,4,1,1,1,4,10,2,4,1,2,7,1,10,1,1,8,2,4,1,4,4,3,6,6,0,5,2,0,5,4,4,12,3
"593",596,12,2,58,1,2,1,4,3,1,1,1,4,10,2,4,1,3,8,4,9,1,3,7,2,3,1,4,4,3,9,6,0,3,2,0,3,2,6,12,1
"594",597,12,2,74,1,2,2,4,4,1,1,3,2,10,1,1,5,5,5,9,5,1,8,3,3,2,1,2,2,3,4,1,5,1,7,0,5,4,3,14,3
"595",598,12,1,31,1,4,2,3,2,4,1,4,1,10,3,1,4,3,10,1,10,1,2,7,1,4,1,1,1,3,10,5,0,2,1,1,5,5,6,2,4
"596",599,13,2,65,1,2,2,2,2,2,1,2,4,10,2,8,7,2,8,3,10,1,3,8,2,4,1,4,9,3,6,6,0,5,2,0,5,5,4,12,4
"597",600,13,2,54,1,2,1,2,2,1,1,4,2,10,3,2,5,3,6,7,7,1,4,3,4,2,1,5,5,3,14,2,4,1,1,1,2,3,6,2,2
"598",601,13,1,52,1,4,2,4,2,1,2,1,2,10,3,2,5,6,2,6,2,2,4,3,4,3,1,5,5,3,6,2,2,1,1,1,3,3,4,4,2
"599",602,13,2,40,1,2,2,3,4,2,1,2,4,10,3,1,4,3,6,2,7,1,2,7,1,4,1,4,9,3,9,6,0,1,1,1,4,4,6,3,3
"600",603,13,2,24,1,2,2,4,2,1,4,2,8,10,3,2,5,7,2,5,4,1,6,1,4,3,1,5,5,3,10,4,0,2,6,0,4,3,6,13,2
"601",604,13,2,21,1,4,2,4,2,4,2,2,10,4,3,5,1,5,7,7,5,1,5,3,3,3,1,1,1,3,6,6,0,2,6,0,3,5,4,13,4
"602",605,13,2,34,1,4,1,5,2,2,5,1,2,10,3,2,3,7,1,10,1,10,6,1,4,2,1,3,2,3,11,1,5,1,1,1,2,3,6,2,2
"603",606,13,1,74,1,4,2,4,3,5,4,4,8,10,3,3,2,7,1,7,4,5,1,1,4,2,1,3,2,3,4,2,1,1,2,0,4,4,3,12,3
"604",607,13,1,37,1,4,1,5,2,1,2,1,3,10,3,3,2,7,1,6,2,8,4,1,4,2,1,3,3,3,13,1,6,1,1,1,3,2,6,1,1
"605",608,13,1,46,1,4,2,2,2,4,1,4,2,10,3,2,5,6,6,7,4,3,5,6,2,2,1,5,5,3,9,6,0,2,1,1,2,3,6,3,2
"606",609,13,1,53,1,4,3,2,2,1,1,1,4,10,3,7,1,4,7,1,9,1,3,8,2,4,1,4,7,3,9,4,0,1,1,1,3,3,6,7,2
"607",610,13,1,52,1,1,2,4,2,4,4,2,3,10,3,3,2,6,1,8,1,8,6,5,4,3,1,2,3,3,10,2,3,1,1,1,2,5,6,2,4
"608",611,13,2,45,2,4,4,4,2,1,4,2,2,10,2,2,1,10,4,5,5,1,2,2,4,3,1,1,1,3,11,4,0,1,7,0,1,3,6,14,2
"609",612,13,1,74,1,4,1,4,2,2,1,1,7,10,3,9,7,1,6,1,8,1,2,9,3,4,1,4,7,3,5,6,0,1,2,0,4,4,5,12,3
"610",613,13,2,27,1,4,1,4,2,5,1,5,1,10,2,1,8,1,10,7,5,1,2,8,1,3,2,0,1,3,10,4,0,2,1,1,4,3,6,2,2
"611",614,13,1,51,1,1,1,5,2,5,2,1,2,10,3,3,2,6,1,6,1,6,4,1,4,2,1,3,2,3,9,5,0,1,1,1,1,3,6,1,2
"612",615,13,1,65,1,1,5,2,2,1,1,1,4,10,2,8,1,1,6,2,8,1,1,7,2,4,1,4,9,3,11,6,0,5,1,1,3,3,6,1,2
"613",616,13,1,49,1,4,2,4,2,1,1,1,9,10,3,1,4,3,6,1,7,1,1,5,3,4,1,1,1,3,7,4,0,1,1,1,1,5,5,3,4
"614",617,13,2,56,1,4,2,5,3,2,2,4,3,10,3,3,2,9,1,8,1,9,5,1,4,2,1,3,3,3,9,1,4,1,4,0,3,3,6,16,2
"615",618,13,1,46,1,4,2,2,2,4,1,4,10,10,3,1,8,4,2,1,3,1,2,4,3,4,1,1,1,3,11,6,0,1,1,1,3,3,6,4,2
"616",619,13,1,56,2,4,2,4,4,5,5,5,2,10,1,2,3,8,1,10,1,8,1,1,4,1,1,2,2,3,5,2,1,1,1,1,4,3,5,3,2
"617",620,13,1,49,1,5,3,5,2,5,5,5,2,10,2,2,3,10,1,10,5,7,8,1,4,1,1,2,5,3,16,1,4,1,1,3,1,2,7,2,1
"618",621,13,2,43,1,2,1,5,2,5,1,2,2,10,3,2,3,5,1,6,1,6,1,1,4,3,1,3,2,3,9,2,1,2,1,1,5,3,6,2,2
"619",622,13,2,52,1,2,1,4,3,1,1,5,4,10,3,4,1,2,6,5,8,1,5,6,2,3,1,1,4,3,9,6,0,5,1,1,3,3,6,3,2
"620",623,13,2,44,1,2,1,5,4,1,4,2,10,10,1,3,2,8,1,5,1,5,5,1,4,3,1,2,3,3,8,2,1,2,1,3,4,2,6,2,1
"621",624,13,2,48,2,4,2,2,2,1,2,1,4,10,3,1,5,5,3,2,6,1,2,6,3,4,1,1,9,3,13,2,1,1,1,1,1,3,6,2,2
"622",625,13,2,43,1,2,2,4,2,1,1,2,2,10,3,2,6,5,1,5,1,1,4,1,4,2,1,6,2,3,8,4,0,2,4,0,3,3,6,16,2
"623",626,13,1,51,1,2,2,5,4,5,5,5,2,10,3,2,3,7,2,8,1,5,5,1,4,2,1,2,2,3,6,1,3,1,1,2,4,4,4,6,3
"624",627,13,1,59,1,4,2,2,2,2,2,2,1,10,3,1,7,4,8,6,9,1,3,7,2,3,1,7,7,3,4,5,0,1,1,1,5,4,3,9,3
"625",628,13,2,22,1,4,3,5,2,4,1,1,7,10,3,7,6,3,4,4,6,1,3,7,3,4,1,7,6,3,6,6,0,2,6,0,5,3,4,13,2
"626",629,13,2,28,1,4,2,4,2,4,1,2,4,10,2,4,1,3,8,4,9,1,4,8,1,4,1,4,4,3,13,2,1,2,1,1,5,4,6,2,3
"627",630,13,1,50,1,4,2,2,4,1,1,1,10,10,3,7,4,4,3,2,5,1,2,4,3,4,1,7,7,3,8,2,2,1,1,1,2,4,6,3,3
"628",631,13,1,49,1,1,1,2,2,1,1,1,1,10,2,7,8,3,7,2,9,1,2,8,2,4,1,4,7,3,11,5,0,1,1,1,2,5,6,5,4
"629",632,13,1,48,1,2,2,2,4,2,1,4,1,10,2,1,7,3,8,1,8,1,2,7,1,3,1,1,9,3,6,4,0,2,1,1,6,5,4,5,4
"630",633,13,2,49,1,1,4,2,2,2,1,1,4,10,1,1,4,1,7,1,8,1,7,7,3,4,1,1,1,3,6,5,0,2,1,1,4,4,4,9,3
"631",634,13,1,37,1,4,3,2,2,4,1,4,1,10,3,1,7,5,7,6,6,1,2,5,2,2,1,1,1,3,13,4,0,2,1,1,2,3,6,10,2
"632",635,13,1,66,1,4,2,2,2,1,1,2,1,10,2,1,4,1,10,3,7,1,1,7,1,3,1,1,1,3,5,5,0,1,2,0,3,3,5,12,2
"633",636,13,1,64,1,3,3,2,2,1,1,4,4,10,3,4,7,1,7,4,10,1,1,9,2,4,1,7,4,3,4,4,0,1,1,1,4,4,3,5,3
"634",637,13,1,52,1,4,1,4,3,1,1,1,3,10,3,3,2,10,2,6,2,10,5,3,4,2,1,3,3,3,10,5,0,2,1,1,3,4,6,2,3
"635",638,13,2,21,1,4,2,4,2,2,4,1,10,6,3,3,2,7,3,5,7,7,5,4,4,3,2,0,2,3,6,2,2,2,1,1,4,5,4,5,4
"636",639,13,1,28,1,4,2,4,2,2,2,4,2,10,3,2,5,7,7,8,97,3,5,7,3,2,1,5,5,3,13,1,5,2,1,1,5,4,6,2,3
"637",640,13,2,40,1,4,1,2,2,4,1,2,1,10,1,1,8,5,8,2,10,1,1,5,1,4,1,1,1,3,11,2,3,1,1,1,2,3,6,2,2
"638",641,13,1,54,1,1,2,5,2,1,4,2,2,10,2,2,3,7,1,8,3,7,6,2,4,2,1,2,2,3,11,2,2,1,1,1,4,3,6,4,2
"639",642,13,1,73,1,2,2,5,2,4,4,4,2,10,1,2,3,7,1,10,2,5,6,2,4,1,1,2,2,3,9,4,0,1,2,0,5,3,6,12,2
"640",643,13,2,52,1,4,2,4,2,1,1,1,10,10,2,4,1,4,7,5,9,1,3,8,1,3,1,4,1,3,11,4,0,2,1,1,2,5,6,2,4
"641",644,13,1,43,1,4,1,5,2,4,5,1,2,10,1,2,3,7,1,6,3,4,5,2,4,2,1,3,2,3,6,2,1,2,1,1,5,3,4,2,2
"642",645,13,1,74,1,2,2,5,2,2,2,4,3,10,3,3,2,8,1,5,6,8,6,2,4,3,1,3,3,3,11,6,0,1,1,3,4,3,6,2,2
"643",646,13,1,44,1,4,2,2,2,2,1,2,1,10,2,1,4,3,6,4,5,3,3,5,2,3,1,1,4,3,4,4,0,2,2,0,5,3,3,12,2
"644",647,13,2,31,2,4,3,4,2,4,5,4,8,10,3,2,5,7,1,5,1,4,4,1,4,2,1,2,5,3,11,2,1,2,1,1,1,3,6,2,2
"645",648,13,1,67,1,1,1,4,2,1,1,1,1,10,2,1,7,2,8,2,7,1,2,7,2,4,1,1,1,3,11,4,0,5,1,1,1,3,6,2,2
"646",649,13,2,65,1,5,3,2,2,2,2,5,8,10,2,2,3,7,2,7,98,5,4,3,4,2,1,2,2,3,4,3,6,5,2,0,4,5,3,12,4
"647",650,13,1,58,1,4,3,1,1,2,2,1,9,10,2,4,1,7,6,4,8,1,2,8,1,3,1,4,4,3,11,1,2,1,1,1,2,3,6,2,2
"648",651,13,2,56,1,2,2,4,2,4,2,2,6,10,1,2,5,7,4,6,3,4,6,2,3,2,1,2,2,3,13,1,4,1,4,0,1,3,6,16,2
"649",652,13,2,62,1,2,1,2,2,1,1,1,1,10,2,1,9,3,9,2,9,1,2,8,1,4,1,1,1,3,13,4,0,1,1,1,2,3,6,2,2
"650",653,13,2,54,1,2,1,4,3,5,4,5,2,10,2,2,3,8,1,8,1,9,4,1,4,2,1,2,3,3,13,1,5,1,1,1,2,4,6,2,3
"651",654,13,2,61,1,4,2,4,2,2,1,2,10,10,3,1,7,4,6,4,5,1,4,6,3,4,1,1,1,3,5,2,1,2,1,1,2,3,5,4,2
"652",655,13,2,29,1,2,2,4,2,4,1,1,9,10,3,7,8,3,6,2,6,1,5,8,3,4,1,7,7,3,13,4,0,2,1,3,1,3,6,2,2
"653",656,13,1,27,1,4,2,4,2,1,1,4,2,9,3,2,5,7,3,8,5,4,6,2,4,2,1,5,5,3,13,2,3,2,1,1,4,3,6,2,2
"654",657,13,2,34,1,4,2,4,2,2,2,4,2,10,3,2,3,8,1,8,2,8,7,4,4,2,1,5,2,3,9,2,1,2,1,1,5,4,6,2,3
"655",658,13,2,47,1,2,1,4,4,2,4,4,8,10,2,2,5,6,1,8,6,2,5,1,4,2,1,2,2,3,11,2,2,1,1,3,3,3,6,5,2
"656",659,13,1,78,1,4,1,4,3,1,1,2,1,10,2,1,2,4,7,4,6,1,3,3,2,3,1,1,1,3,4,2,1,1,2,0,5,4,3,12,3
"657",660,13,2,18,1,4,3,4,4,2,2,4,2,10,6,2,5,6,2,7,2,2,5,4,3,2,3,0,2,3,6,4,0,2,6,0,3,3,4,13,2
"658",661,13,2,60,2,4,2,2,2,1,1,4,8,10,3,2,1,7,5,8,7,1,7,1,4,2,1,2,2,3,15,2,3,1,1,3,3,3,6,2,2
"659",662,13,1,23,1,5,2,5,2,1,1,4,3,10,3,3,2,8,1,5,1,7,3,1,4,3,1,3,3,3,10,1,5,2,1,1,4,3,6,4,2
"660",663,13,1,30,1,4,2,5,2,4,4,4,2,10,2,2,3,7,1,6,1,3,5,1,4,2,2,0,2,3,13,2,1,2,1,1,3,3,6,1,2
"661",664,13,1,64,1,4,2,3,2,1,1,1,1,10,3,1,7,5,6,5,6,1,2,5,2,3,1,1,1,3,12,2,2,1,1,1,2,3,6,2,2
"662",665,13,2,69,1,2,2,4,3,1,1,4,4,10,1,1,8,1,8,1,10,1,1,10,1,4,1,1,8,3,11,2,2,1,2,0,2,3,6,12,2
"663",666,13,1,29,1,1,1,4,2,4,1,2,1,10,3,1,8,3,7,4,7,1,5,6,2,3,1,4,1,3,10,3,3,2,6,0,2,2,6,13,1
"664",667,13,1,30,1,4,2,4,2,2,1,2,1,10,3,1,4,3,7,4,7,1,2,5,3,3,1,4,4,3,13,6,0,2,1,1,2,2,6,2,1
"665",668,13,1,56,1,4,2,4,2,2,1,2,4,10,2,1,8,3,7,5,8,1,2,7,2,3,1,1,8,3,6,1,4,1,1,1,4,4,4,5,3
"666",669,13,1,66,1,4,2,2,2,2,2,2,1,10,2,1,2,4,6,6,5,1,3,8,2,2,1,1,1,3,9,2,1,1,1,1,2,3,6,1,2
"667",670,13,1,60,1,4,2,5,2,1,1,1,2,10,3,2,5,6,1,5,2,2,3,1,4,3,1,2,5,3,14,5,0,1,1,3,1,2,6,1,1
"668",671,13,2,52,1,4,2,2,4,2,2,2,4,10,2,8,7,3,6,3,8,1,3,6,2,4,1,4,8,3,13,4,0,2,4,0,6,5,6,16,4
"669",672,13,1,29,1,4,1,2,2,1,1,1,1,10,3,4,1,3,8,3,9,1,4,7,1,4,1,4,4,3,13,6,0,2,1,3,4,2,6,3,1
"670",673,13,1,59,1,1,1,4,2,4,1,2,7,10,2,7,8,3,4,3,6,1,2,7,3,4,1,7,7,3,11,6,0,5,1,1,1,2,6,1,1
"671",674,13,1,48,1,4,1,2,1,1,1,1,1,10,3,1,5,4,7,4,6,2,5,6,2,3,1,1,1,3,13,5,0,1,1,1,1,3,6,1,2
"672",675,13,2,39,2,1,2,4,4,1,5,5,2,10,1,2,3,9,3,8,5,6,6,1,3,2,2,0,2,3,6,3,6,4,4,0,5,3,4,16,2
"673",676,13,2,21,1,4,2,4,2,2,2,1,8,10,3,2,3,7,2,8,4,6,8,3,4,2,1,5,2,3,6,2,3,2,6,0,1,2,4,13,1
"674",677,13,1,55,1,2,2,5,1,5,5,5,2,10,2,2,3,7,1,8,1,7,1,1,4,2,1,3,2,3,11,2,1,1,1,2,1,2,6,1,1
"675",678,13,2,32,1,2,1,4,2,4,1,4,10,10,3,1,9,4,6,5,5,1,5,6,3,4,1,1,1,3,11,2,2,2,1,1,4,3,6,2,2
"676",679,13,2,23,2,2,2,4,2,4,1,1,9,10,2,4,1,4,6,5,6,1,4,8,3,4,1,4,4,3,10,4,0,2,1,1,2,3,6,4,2
"677",680,13,2,59,1,4,3,4,2,2,2,2,9,10,3,5,2,5,4,6,5,1,6,1,3,3,1,1,1,3,6,5,0,1,1,1,3,3,4,3,2
"678",681,13,2,62,1,4,2,2,2,1,1,4,1,10,3,1,6,5,7,4,4,1,2,6,2,3,1,1,1,3,11,2,1,5,4,0,6,3,6,16,2
"679",682,13,2,66,1,2,2,4,4,3,1,5,2,10,2,2,5,5,5,8,4,4,7,4,3,2,1,2,2,3,6,2,2,2,2,0,5,4,4,12,3
"680",683,13,1,26,1,1,1,4,1,4,1,4,10,9,3,2,1,6,2,4,3,1,7,5,4,3,1,5,2,3,15,1,3,2,1,1,2,3,6,2,2
"681",684,13,1,39,1,4,3,4,2,4,1,1,1,10,1,7,1,4,7,4,7,3,2,6,2,4,1,7,7,3,10,5,0,5,1,1,3,3,6,4,2
"682",685,13,2,58,1,2,2,4,2,2,2,1,10,10,2,1,4,2,8,5,8,2,7,7,2,3,1,1,4,3,15,4,0,2,1,1,4,4,6,2,3
"683",686,13,2,62,1,2,1,5,4,1,5,5,8,10,3,2,5,8,1,7,1,6,7,1,4,2,1,2,2,3,6,2,4,3,2,0,5,4,4,12,3
"684",687,13,1,29,1,4,2,2,4,2,1,4,9,10,3,4,1,3,7,1,5,1,3,6,2,4,1,4,6,3,10,6,0,2,1,3,2,2,6,2,1
"685",688,13,1,71,1,5,2,3,3,1,1,5,1,10,1,1,8,1,10,1,10,1,1,10,1,4,1,1,1,3,4,6,0,1,2,0,4,5,3,12,4
"686",689,13,1,68,1,4,1,5,2,4,4,4,10,8,3,5,2,5,4,5,3,1,5,2,3,3,1,5,5,3,11,1,6,2,2,0,4,4,6,12,3
"687",690,13,1,29,1,1,2,4,4,4,1,1,1,10,3,1,7,4,7,3,5,1,3,8,2,3,1,1,7,3,13,4,0,2,1,1,4,5,6,2,4
"688",691,13,1,51,1,2,2,5,2,4,2,2,2,10,2,2,3,8,1,10,1,5,5,1,4,1,1,2,2,3,8,1,5,1,1,1,3,3,6,3,2
"689",692,13,2,48,1,4,4,4,2,1,1,4,2,10,3,2,5,5,1,7,1,1,7,3,4,2,1,5,2,3,9,2,1,1,1,1,2,3,6,4,2
"690",693,13,2,67,1,2,2,2,2,2,1,2,4,10,2,4,1,2,9,5,10,1,4,7,1,4,1,1,4,3,5,2,2,1,2,0,3,3,5,12,2
"691",694,13,2,45,1,2,1,2,2,1,1,2,4,10,3,4,1,3,5,2,7,1,2,5,2,3,1,4,4,3,14,4,0,2,1,1,4,5,6,2,4
"692",695,13,1,53,1,2,2,3,2,1,1,4,2,10,3,2,5,5,4,6,5,4,6,4,4,3,1,5,5,3,15,4,0,1,1,1,3,3,6,1,2
"693",696,13,1,37,2,1,2,5,2,4,2,2,2,10,3,2,3,7,1,7,4,7,5,4,4,2,1,2,2,3,4,2,1,2,1,1,4,3,3,7,2
"694",697,13,1,24,1,4,4,4,2,1,4,1,9,10,1,3,2,8,2,4,2,6,4,2,4,4,1,3,3,3,7,1,5,2,1,1,5,3,5,4,2
"695",698,13,1,57,1,4,2,5,4,5,5,5,3,10,2,3,2,7,1,6,1,8,1,1,4,3,1,3,3,3,15,1,4,1,1,1,1,3,6,2,2
"696",699,13,1,37,1,1,1,4,2,2,1,1,6,10,3,7,1,5,6,4,7,1,7,7,3,3,1,1,5,3,13,2,2,2,1,1,3,2,6,2,1
"697",700,13,2,47,1,2,2,4,2,2,2,4,4,10,3,7,4,4,3,4,6,1,4,7,3,2,1,7,7,3,11,2,2,2,1,1,4,3,6,4,2
"698",701,13,1,34,1,5,2,4,2,5,4,5,2,10,3,3,5,7,1,7,1,5,6,3,4,3,1,3,5,3,13,6,0,1,1,1,1,3,6,2,2
"699",702,13,2,60,2,4,2,2,2,1,1,2,1,10,1,1,2,5,10,5,9,1,1,1,1,3,1,1,1,3,12,6,0,1,1,1,1,3,6,2,2
"700",703,13,1,76,1,2,2,4,2,5,2,2,8,10,3,2,5,6,3,7,3,4,6,3,4,2,1,2,2,3,12,2,2,1,2,0,2,3,6,12,2
"701",704,13,1,51,1,4,2,2,2,2,1,2,4,10,2,4,1,3,7,2,9,2,1,6,3,3,1,4,4,3,13,5,0,1,1,1,4,5,6,3,4
"702",705,13,1,56,1,2,1,2,2,4,1,5,4,10,2,8,1,3,5,3,8,1,2,7,3,4,1,4,9,3,7,6,0,1,1,1,4,3,5,3,2
"703",706,13,2,36,1,4,2,4,2,2,2,2,2,10,3,2,5,5,6,6,7,3,2,3,2,2,1,2,5,3,7,2,2,1,1,1,3,4,5,4,3
"704",707,13,1,77,1,2,2,4,2,1,1,1,1,10,2,1,7,2,7,2,7,1,1,6,2,3,1,1,1,3,14,4,0,1,2,0,4,3,6,12,2
"705",708,13,1,42,1,5,2,5,2,2,4,4,8,10,3,2,3,7,1,8,3,7,8,6,4,2,1,3,2,3,7,6,0,2,1,1,4,3,5,5,2
"706",709,13,1,31,1,5,2,5,2,1,1,1,10,10,3,3,2,10,1,3,3,8,3,5,4,3,2,0,3,3,5,5,0,1,1,1,3,4,5,9,3
"707",710,13,2,18,1,2,1,4,2,4,1,2,9,10,3,8,7,1,7,6,4,1,6,8,3,4,3,0,8,3,6,6,0,2,6,0,4,3,4,13,2
"708",711,13,1,68,1,2,2,1,1,1,1,1,1,10,1,1,4,3,10,1,9,1,1,5,1,4,1,1,1,3,14,6,0,1,2,0,3,5,6,12,4
"709",712,13,2,71,1,5,2,4,2,1,1,1,1,10,2,1,8,5,8,4,8,1,1,6,2,4,1,1,1,3,6,4,0,3,2,0,4,3,4,12,2
"710",713,13,1,45,1,4,2,4,2,4,2,1,2,10,3,2,3,7,1,6,3,5,5,2,4,2,1,2,2,3,9,5,0,1,1,2,3,3,6,2,2
"711",714,13,2,37,1,2,2,5,4,1,5,4,8,10,2,3,2,10,1,6,1,6,1,1,4,1,1,3,3,3,11,1,4,2,1,1,4,3,6,2,2
"712",715,13,1,54,1,4,2,4,4,4,2,2,8,10,3,2,5,5,1,7,3,3,3,2,3,2,1,5,2,3,11,1,4,1,1,1,4,4,6,5,3
"713",716,13,1,26,1,2,2,4,2,2,1,4,1,10,3,1,4,3,7,2,6,1,7,5,2,4,1,1,1,3,10,5,0,2,1,1,4,4,6,3,3
"714",717,13,1,38,1,1,2,4,2,1,1,1,4,10,2,8,7,3,7,5,9,2,4,8,3,4,1,4,4,3,13,5,0,2,1,1,3,3,6,3,2
"715",718,13,2,47,1,2,2,4,2,2,1,5,1,10,1,1,7,4,8,5,6,1,3,6,2,3,1,1,1,3,9,2,1,1,4,0,4,3,6,16,2
"716",719,13,2,76,1,1,1,2,2,1,1,2,1,10,1,4,1,1,10,5,10,1,5,10,1,3,1,4,4,3,7,6,0,1,2,0,2,3,5,12,2
"717",720,13,2,50,1,2,2,5,2,4,4,4,2,9,3,2,3,10,1,7,4,9,4,2,4,2,1,2,2,3,6,1,4,1,7,0,3,3,4,14,2
"718",721,13,1,41,1,5,4,4,2,4,2,4,2,10,3,2,1,5,5,7,6,4,6,4,4,2,1,2,2,3,11,4,0,2,1,1,2,3,6,2,2
"719",722,13,1,43,1,1,2,5,2,4,4,2,8,10,3,2,3,6,2,7,1,8,1,1,3,1,1,2,2,3,13,2,2,1,1,1,1,3,6,2,2
"720",723,13,1,46,1,2,3,4,2,1,2,4,2,10,2,3,2,7,4,6,3,8,4,3,3,2,1,3,3,3,15,1,3,2,1,1,3,4,6,2,3
"721",724,13,2,36,1,2,1,3,2,1,1,2,1,10,2,1,7,3,7,4,6,1,3,7,2,3,1,1,1,3,13,5,0,2,1,1,3,3,6,1,2
"722",725,13,2,76,1,4,1,4,2,1,1,1,1,10,2,9,1,2,7,4,9,1,4,9,2,4,1,4,9,3,11,4,0,5,2,0,4,3,6,12,2
"723",726,13,2,26,1,2,2,4,4,4,3,2,8,10,3,2,1,5,3,5,4,4,3,3,4,3,1,2,1,3,13,2,2,2,1,1,2,3,6,2,2
"724",727,13,2,81,1,4,3,4,2,2,2,1,2,10,1,2,1,10,6,10,2,2,3,2,3,1,1,2,2,3,2,1,3,1,2,0,4,3,2,12,2
"725",728,13,1,42,2,5,2,2,2,2,2,2,1,10,3,1,5,1,8,7,8,1,7,7,3,3,1,1,1,3,6,5,0,1,1,1,2,3,4,2,2
"726",729,13,2,50,1,1,1,4,4,5,5,5,2,10,1,2,3,5,2,7,2,6,1,1,4,2,1,2,2,3,11,5,0,1,1,1,3,5,6,4,4
"727",730,13,2,29,1,4,3,5,2,2,4,4,2,10,3,2,5,7,1,5,1,4,7,1,4,1,1,2,5,3,13,4,0,2,1,1,1,2,6,2,1
"728",731,13,2,41,1,4,1,4,2,2,2,1,2,10,3,2,3,7,3,8,5,6,5,1,4,2,4,0,2,3,13,2,2,1,1,1,1,3,6,3,2
"729",732,13,2,69,1,2,1,2,1,1,1,1,1,10,2,1,10,3,10,1,8,1,1,6,1,4,1,1,1,3,14,4,0,2,1,1,2,2,6,2,1
"730",733,13,1,47,1,4,2,4,4,1,1,1,1,10,3,1,2,5,7,5,4,1,7,9,2,2,1,1,1,3,8,2,2,1,1,1,4,3,6,2,2
"731",734,13,1,84,2,1,1,2,2,5,1,1,1,10,3,8,1,4,8,1,9,2,1,5,2,4,1,4,8,3,11,6,0,1,2,0,2,3,6,12,2
"732",735,13,2,75,1,2,2,4,2,1,1,1,4,10,2,4,1,3,7,2,8,1,2,8,3,4,1,4,7,3,11,4,0,1,2,0,3,3,6,12,2
"733",736,13,1,33,1,1,2,2,2,3,1,1,9,10,3,4,1,3,9,4,6,1,9,10,2,3,1,7,7,3,11,6,0,2,1,1,2,2,6,2,1
"734",737,13,1,60,1,1,2,4,2,2,2,2,2,10,3,5,2,5,5,8,5,1,9,5,3,2,1,5,5,3,7,2,2,4,4,0,6,5,5,16,4
"735",738,13,1,46,1,2,1,4,4,1,1,1,1,10,3,1,8,4,7,4,7,1,2,6,3,4,1,1,1,3,11,2,3,1,1,1,2,3,6,3,2
"736",739,13,1,44,1,4,1,5,1,2,4,1,10,10,2,8,1,4,5,3,8,1,3,4,2,3,1,4,1,3,12,6,0,1,1,1,1,3,6,1,2
"737",740,13,1,49,1,1,2,5,4,1,1,5,1,10,2,8,1,2,7,1,10,1,3,10,2,4,1,4,8,3,7,6,0,2,1,3,5,4,5,5,3
"738",741,13,1,67,1,4,2,2,2,1,1,4,1,10,1,1,8,2,10,1,9,1,1,10,1,4,1,1,1,3,9,2,1,1,2,0,3,3,6,12,2
"739",742,13,1,40,1,2,2,2,2,4,2,4,1,10,3,1,2,4,6,3,4,1,3,2,2,3,1,1,1,3,8,5,0,1,1,1,3,3,6,3,2
"740",743,13,1,65,1,2,3,4,3,1,2,1,2,10,3,2,3,5,2,5,3,5,5,3,4,3,1,5,5,3,6,2,2,1,2,0,3,4,4,12,3
"741",744,13,1,53,1,2,3,4,2,2,4,1,1,10,1,1,8,1,8,5,6,5,4,5,2,3,1,1,1,3,7,2,2,5,1,1,5,3,5,6,2
"742",745,13,2,37,1,1,1,4,2,1,1,2,4,10,3,7,8,3,5,4,10,1,3,9,3,3,1,7,7,3,9,6,0,1,1,1,2,3,6,2,2
"743",746,13,1,47,1,4,2,4,2,5,1,4,1,10,3,1,4,4,6,3,4,1,2,5,2,3,1,1,1,3,6,6,0,1,1,1,3,3,4,3,2
"744",747,13,2,56,1,4,2,4,4,2,2,4,10,5,3,5,2,5,3,5,5,1,5,1,4,2,1,5,5,3,9,5,0,1,1,2,4,4,6,4,3
"745",748,13,2,59,1,2,2,4,2,1,1,2,1,10,3,1,8,3,8,1,9,1,5,7,2,4,1,1,1,3,6,5,0,1,1,1,3,5,4,7,4
"746",749,13,2,35,1,4,3,4,2,1,1,2,4,10,3,1,4,3,5,5,10,1,2,9,3,2,1,1,1,3,13,5,0,2,1,1,2,3,6,2,2
"747",750,13,1,51,1,4,2,4,2,4,2,4,2,10,3,2,1,7,3,6,4,4,5,3,4,1,1,2,2,3,13,1,4,1,1,1,1,3,6,10,2
"748",751,13,2,38,1,1,1,4,1,5,1,4,4,10,3,4,7,3,6,2,9,1,3,8,2,4,1,4,4,3,7,6,0,2,1,1,2,3,5,2,2
"749",752,13,1,36,1,4,3,2,2,4,4,1,2,10,2,2,1,7,1,7,5,5,2,7,4,2,1,5,5,3,13,2,2,1,1,1,1,3,6,2,2
"750",753,13,1,60,1,2,2,2,1,1,1,1,1,10,2,4,1,3,10,2,10,1,1,10,1,4,1,4,4,3,6,2,2,1,2,0,1,2,4,12,1
"751",754,13,1,53,1,2,2,5,2,1,2,5,6,10,3,2,5,6,1,5,1,2,6,2,4,2,1,2,5,3,6,5,0,1,1,1,1,3,4,4,2
"752",755,13,2,41,1,2,4,5,4,2,5,5,3,10,3,3,2,8,1,7,2,9,3,1,4,2,1,2,3,3,6,1,3,2,1,1,3,4,4,4,3
"753",756,13,2,60,1,1,1,2,2,2,1,1,1,10,3,1,7,3,8,4,9,1,3,9,2,4,1,1,1,3,7,5,0,1,1,1,2,3,5,4,2
"754",757,13,1,60,1,1,1,2,1,1,1,1,1,10,3,1,8,6,8,4,8,1,5,6,2,3,1,1,1,3,14,6,0,1,1,1,3,3,6,2,2
"755",758,13,1,46,1,1,1,3,4,1,1,1,1,10,3,1,8,5,8,2,5,2,4,2,3,4,1,4,1,3,8,1,4,1,1,1,3,3,6,2,2
"756",759,13,2,44,1,4,2,5,2,4,4,2,8,10,3,2,5,7,1,6,2,5,7,2,4,2,1,5,5,3,6,2,3,5,1,1,3,3,4,1,2
"757",760,13,1,44,1,1,1,4,2,1,2,4,2,10,2,2,5,7,4,7,3,5,6,2,3,2,1,2,2,3,15,2,3,2,1,1,1,3,6,1,2
"758",761,13,1,63,1,1,2,4,2,1,1,1,2,10,3,2,5,6,2,6,3,1,3,3,4,3,1,5,5,3,13,1,5,1,1,1,1,2,6,1,1
"759",762,13,2,39,1,1,2,2,4,1,1,1,1,10,3,1,8,4,8,4,10,1,2,4,1,3,1,1,1,3,4,2,2,1,1,1,6,3,3,9,2
"760",763,13,2,50,1,4,2,2,2,4,1,1,4,10,3,8,1,3,7,2,9,1,3,7,2,4,1,4,4,3,12,5,0,1,1,1,2,3,6,1,2
"761",764,13,1,63,1,4,4,4,2,4,1,1,4,10,2,9,8,3,7,4,9,1,4,5,2,4,1,4,9,3,6,4,0,1,1,1,4,5,4,3,4
"762",765,13,1,46,1,4,4,5,2,1,1,1,10,8,3,2,10,7,1,2,1,1,1,1,4,3,1,1,1,3,7,2,1,1,1,1,2,3,5,1,2
"763",766,13,1,49,1,5,3,5,3,1,2,2,2,10,3,2,3,6,1,7,3,6,5,1,4,2,1,2,2,3,10,5,0,1,1,1,2,3,6,3,2
"764",767,13,1,18,1,2,1,5,4,4,2,5,3,10,6,3,2,7,2,7,3,9,1,1,4,2,3,0,3,3,4,2,2,2,6,0,4,3,3,13,2
"765",768,13,1,55,1,2,2,5,2,1,5,1,9,10,3,2,3,7,1,8,97,7,5,1,4,2,1,2,2,3,9,2,3,2,1,3,3,3,6,1,2
"766",769,13,1,46,1,2,2,4,1,2,2,1,6,10,2,2,5,6,2,5,2,1,7,2,4,2,1,5,5,3,11,1,4,1,1,2,1,2,6,1,1
"767",770,13,2,60,1,4,1,3,3,1,1,1,1,10,2,1,8,2,7,2,9,1,2,7,1,4,1,1,1,3,14,4,0,1,1,1,2,3,6,2,2
"768",771,14,2,47,1,1,2,2,4,1,4,2,1,10,3,1,2,5,9,9,7,6,7,3,2,2,1,1,1,3,9,1,4,1,1,1,4,3,6,2,2
"769",772,14,1,61,1,1,2,4,2,1,1,1,4,10,2,4,1,4,8,1,10,1,3,7,2,4,1,4,4,3,5,5,0,1,2,0,4,3,5,12,2
"770",773,14,2,39,1,4,2,4,2,1,1,2,4,10,3,4,1,4,4,1,7,1,2,6,3,4,1,4,4,3,11,6,0,1,1,1,3,3,6,4,2
"771",774,14,1,55,1,1,2,2,2,2,2,2,2,10,2,2,1,6,4,8,5,3,3,5,3,2,1,2,2,3,4,2,3,1,1,3,3,3,3,5,2
"772",775,14,1,35,1,4,2,4,4,1,1,1,2,10,3,2,3,5,2,6,4,5,4,5,4,1,1,5,2,3,7,6,0,2,1,1,5,4,5,10,3
"773",776,14,2,43,1,4,2,5,2,1,2,2,2,10,3,2,3,10,1,9,3,9,4,1,4,1,1,3,3,3,11,1,5,1,1,1,4,2,6,3,1
"774",777,14,1,52,1,2,3,4,2,1,2,2,8,10,2,2,3,8,4,8,3,8,7,3,4,2,1,2,2,3,6,1,3,1,1,1,3,4,4,8,3
"775",778,14,2,37,1,2,1,5,2,5,5,5,2,10,3,2,3,10,1,10,1,10,1,1,4,1,1,3,3,3,13,2,3,1,1,1,3,3,6,2,2
"776",779,14,1,37,1,4,2,4,2,5,2,5,8,9,3,2,5,6,3,6,2,3,5,3,4,3,1,2,5,3,10,2,1,1,1,1,3,3,6,3,2
"777",780,14,2,54,1,2,4,5,3,4,2,4,8,10,3,3,2,9,1,7,1,8,3,1,4,2,1,3,2,3,4,2,2,1,1,3,3,3,3,1,2
"778",781,14,1,62,1,1,1,4,2,1,1,1,1,10,2,1,4,3,7,1,6,1,2,4,2,4,1,1,1,3,7,2,1,1,1,3,4,4,5,6,3
"779",782,14,2,44,1,2,1,4,2,1,1,1,1,10,1,1,4,3,10,3,4,2,8,9,1,3,1,1,1,3,7,6,0,1,4,0,4,3,5,16,2
"780",783,14,2,53,1,2,2,4,2,1,2,2,2,10,2,2,1,5,4,6,4,1,1,1,3,2,1,5,5,3,9,1,4,1,1,1,3,3,6,2,2
"781",784,14,2,71,1,4,3,5,2,1,5,1,3,10,3,3,2,7,1,8,1,9,7,1,4,2,1,3,3,3,9,2,3,2,2,0,4,3,6,12,2
"782",785,14,2,22,1,2,1,2,2,2,1,2,1,10,1,8,1,1,9,2,10,1,4,7,2,4,1,4,8,3,6,2,3,2,6,0,4,3,4,13,2
"783",786,14,2,48,1,1,2,2,2,4,1,2,1,10,2,1,8,3,6,6,8,1,5,6,2,3,1,1,1,3,11,2,3,5,2,0,4,3,6,12,2
"784",787,14,2,77,1,5,2,4,2,1,1,4,1,10,2,1,8,7,10,4,7,1,1,8,2,4,1,1,1,3,11,4,0,3,2,0,4,5,6,12,4
"785",788,14,2,55,1,4,2,5,2,1,4,2,8,10,3,2,3,8,1,7,2,7,5,1,4,2,1,2,2,3,6,1,5,1,7,0,3,3,4,14,2
"786",789,14,1,61,1,2,1,5,4,1,2,2,8,10,3,5,3,7,1,5,1,7,10,1,4,2,1,5,3,3,13,1,5,1,1,2,2,3,6,1,2
"787",790,14,1,45,1,4,1,5,2,1,1,1,8,10,3,2,3,8,1,8,5,8,1,1,4,2,1,3,2,3,4,2,2,1,1,1,5,3,3,11,2
"788",791,14,2,24,1,5,2,5,3,2,1,2,10,10,3,3,2,7,1,7,5,6,1,6,4,3,1,2,3,3,4,2,1,2,1,1,2,4,3,7,3
"789",792,14,2,20,1,4,2,4,4,2,1,1,10,10,6,7,6,5,4,3,4,1,4,5,4,4,3,0,7,3,6,5,0,2,6,0,3,3,4,13,2
"790",793,14,1,57,1,1,1,5,2,1,4,1,8,10,3,2,3,5,1,8,1,9,4,1,4,2,1,3,3,3,7,1,5,1,1,1,2,3,5,3,2
"791",794,14,1,42,1,4,3,5,2,4,2,5,10,0,1,8,10,4,5,5,4,1,2,3,3,3,1,4,8,3,8,6,0,1,1,1,3,4,6,3,3
"792",795,14,2,36,1,2,2,2,2,2,1,4,1,10,1,1,9,7,10,4,8,1,2,7,1,3,1,1,1,3,9,5,0,2,1,1,4,3,6,3,2
"793",796,14,2,46,1,4,4,4,2,1,4,1,2,10,3,2,5,6,2,8,2,2,5,1,4,2,1,5,2,3,11,2,2,1,1,1,4,3,6,2,2
"794",797,14,1,44,1,2,2,5,4,1,4,2,10,9,3,2,5,5,1,3,1,1,1,1,4,3,1,5,5,3,7,1,3,1,1,1,4,4,5,10,3
"795",798,14,2,37,1,4,2,4,4,1,2,2,1,10,2,1,5,4,6,4,6,1,2,2,2,3,1,1,1,3,13,1,3,2,1,1,5,5,6,2,4
"796",799,15,2,47,1,4,4,3,2,1,2,4,1,10,3,1,5,5,6,3,5,1,7,6,3,3,1,1,1,3,7,1,3,1,1,1,2,2,5,3,1
"797",800,15,1,57,1,4,1,2,2,2,1,1,4,10,2,1,4,3,8,3,10,1,3,7,2,4,1,1,1,3,5,2,1,1,1,1,2,4,5,1,3
"798",801,15,1,41,1,4,2,2,4,2,1,4,4,10,2,4,1,3,6,1,9,1,2,6,2,4,1,4,4,3,7,4,0,1,1,1,4,5,5,3,4
"799",802,15,1,81,1,2,1,4,2,2,1,1,2,10,1,2,5,7,4,7,5,4,7,3,3,2,1,2,2,3,5,1,5,1,2,0,4,3,5,12,2
"800",803,15,1,26,1,4,4,4,4,5,1,1,10,10,1,1,8,3,3,2,2,1,1,5,3,3,1,1,8,3,10,5,0,2,1,1,1,3,6,2,2
"801",804,15,2,25,1,5,3,5,4,4,2,5,10,2,2,6,8,2,1,1,3,1,5,5,4,4,1,4,8,3,10,3,1,2,1,1,6,3,6,2,2
"802",805,15,1,45,1,4,2,4,2,5,2,5,4,9,3,4,1,4,6,4,8,1,2,7,3,4,1,1,1,3,11,5,0,1,1,1,3,3,6,3,2
"803",806,15,1,71,1,2,3,4,4,2,2,2,1,10,3,1,8,1,4,1,6,1,2,3,2,4,1,1,1,3,2,2,1,1,2,0,2,3,2,12,2
"804",807,15,1,60,1,2,1,5,2,4,2,4,2,5,3,2,3,6,1,7,2,5,5,6,4,2,1,1,1,3,6,2,1,5,2,0,3,3,4,12,2
"805",808,15,2,83,1,2,1,5,2,5,2,5,2,10,2,2,5,7,1,8,5,2,7,2,4,2,1,2,2,3,7,1,5,3,2,0,5,3,5,12,2
"806",809,15,1,43,1,4,2,4,5,4,1,1,4,10,3,8,10,1,4,4,7,1,2,4,3,3,1,4,8,3,7,3,2,2,1,1,5,5,5,5,4
"807",810,15,1,33,1,4,2,4,2,2,1,1,4,10,3,4,1,3,8,5,10,1,1,8,3,4,1,4,4,3,14,5,0,2,1,1,3,2,6,2,1
"808",811,15,2,56,1,4,1,4,2,5,1,5,4,10,3,1,4,5,6,3,7,1,3,8,3,3,1,1,1,3,7,2,2,1,1,1,3,5,5,4,4
"809",812,15,2,27,1,4,2,4,2,2,2,1,1,8,1,1,5,5,8,5,5,1,5,2,2,3,1,1,1,3,10,6,0,2,1,1,5,3,6,9,2
"810",813,15,1,75,1,5,3,2,1,4,1,1,1,10,1,1,9,3,10,1,8,1,1,8,1,4,1,1,9,3,4,4,0,1,2,0,1,3,3,12,2
"811",814,16,2,52,1,1,2,4,2,1,1,1,10,10,1,9,8,1,3,4,97,1,5,8,3,3,1,4,9,3,11,4,0,1,1,1,1,3,6,2,2
"812",815,16,2,69,1,5,3,4,2,2,1,2,1,10,2,1,8,3,8,3,9,1,4,7,2,4,1,1,1,3,4,2,1,5,2,0,6,3,3,12,2
"813",816,16,1,47,1,5,2,4,2,4,1,4,7,6,3,8,1,3,7,5,98,1,2,10,2,3,1,4,8,3,11,3,1,1,1,1,3,3,6,9,2
"814",817,16,1,35,1,4,4,4,2,5,1,1,6,0,1,5,1,6,3,4,2,2,5,3,3,3,2,0,5,3,11,5,0,2,1,1,6,3,6,3,2
"815",818,16,2,29,1,1,2,5,2,4,1,1,1,10,2,8,1,2,7,3,8,1,2,6,2,3,1,4,8,3,10,5,0,1,1,1,3,3,6,5,2
"816",819,16,1,68,1,2,1,4,2,1,1,1,1,10,3,5,1,3,6,3,2,1,8,1,2,3,1,5,5,3,11,4,0,2,2,0,5,3,6,12,2
"817",820,16,2,69,1,2,2,4,2,1,1,2,2,10,3,2,1,7,6,7,7,2,4,4,2,1,1,1,1,3,11,2,1,1,1,2,1,2,6,1,1
"818",821,16,2,67,1,1,1,2,2,2,1,1,1,10,1,1,8,1,8,3,9,1,3,8,2,4,1,1,8,3,13,4,0,1,2,0,2,4,6,12,3
"819",822,16,2,76,1,2,1,2,2,1,1,1,4,10,2,1,8,2,9,1,10,1,2,10,1,4,1,4,8,3,11,1,5,1,2,0,4,2,6,12,1
"820",823,16,1,49,1,5,2,4,2,2,1,4,1,10,2,1,5,4,6,4,4,1,3,5,3,3,1,1,1,3,14,6,0,2,1,1,4,3,6,2,2
"821",824,16,2,42,1,4,2,3,2,5,1,5,4,10,2,8,1,1,6,3,8,1,1,5,2,4,1,4,8,3,13,6,0,5,1,1,3,3,6,1,2
"822",825,16,2,38,1,4,2,2,2,2,1,2,1,10,3,1,8,4,6,5,7,1,3,5,2,3,1,1,1,3,13,5,0,1,1,1,2,5,6,4,4
"823",826,16,1,37,1,4,2,4,2,4,2,4,1,10,3,1,7,3,6,3,7,1,2,6,3,4,1,1,7,3,12,5,0,1,1,1,2,4,6,2,3
"824",827,16,2,49,1,2,2,4,2,5,1,4,1,10,2,1,8,3,6,4,7,1,3,5,2,2,1,1,1,3,9,2,1,2,1,1,5,3,6,5,2
"825",828,16,1,28,1,2,2,2,2,2,1,5,1,10,3,1,8,3,10,1,8,1,1,7,1,4,1,1,1,3,7,1,6,2,6,0,2,3,5,13,2
"826",829,16,1,60,1,4,2,4,2,1,2,1,2,10,3,2,1,6,4,8,8,3,2,2,4,1,1,5,2,3,4,1,5,5,2,0,4,3,3,12,2
"827",830,16,2,33,1,4,3,2,2,5,1,4,1,10,3,1,5,5,7,7,6,1,6,4,3,3,1,1,1,3,6,4,0,2,1,1,5,3,4,3,2
"828",831,16,1,72,1,4,2,2,2,2,1,2,1,9,2,1,4,4,5,4,4,2,3,5,2,2,1,1,1,3,11,4,0,1,2,0,2,2,6,12,1
"829",832,16,1,61,1,4,2,2,2,2,1,1,1,10,1,1,8,2,9,4,7,1,1,8,1,3,1,1,1,3,9,4,0,1,1,1,2,3,6,1,2
"830",833,17,2,74,1,2,1,4,2,2,2,2,2,8,3,2,1,8,5,8,1,1,5,4,3,2,1,2,2,3,2,1,4,1,7,0,6,3,2,14,2
"831",834,17,1,59,1,2,1,4,2,1,1,1,1,10,2,1,8,2,7,1,9,1,1,7,2,4,1,1,8,3,10,6,0,1,1,1,2,3,6,3,2
"832",835,17,1,51,1,2,2,5,2,1,2,4,2,10,3,2,3,10,1,6,1,6,2,1,4,2,1,2,2,3,4,2,2,1,1,1,4,5,3,5,4
"833",836,17,2,64,1,2,2,3,3,2,2,2,1,10,2,1,8,1,8,3,9,1,4,8,2,4,1,1,1,3,4,5,0,1,2,0,4,3,3,12,2
"834",837,17,2,59,1,2,3,3,2,1,1,5,9,10,2,1,8,5,8,1,10,1,1,6,2,4,1,1,1,3,4,6,0,1,1,1,5,3,3,9,2
"835",838,17,2,50,1,1,2,4,5,5,2,2,10,10,3,1,2,6,3,6,1,5,1,1,3,3,1,1,1,3,11,2,1,5,1,2,5,3,6,1,2
"836",839,17,2,64,1,1,1,2,2,1,1,2,1,10,2,1,8,3,7,3,7,1,1,6,2,3,1,1,1,3,9,5,0,5,2,0,5,3,6,12,2
"837",840,17,1,54,1,4,2,5,2,1,4,1,10,10,3,3,2,5,1,6,1,5,5,1,4,3,1,3,3,3,6,2,2,1,1,1,2,3,4,2,2
"838",841,17,1,25,1,1,2,4,2,1,2,2,2,10,3,2,5,7,4,7,5,4,7,5,3,2,1,5,2,3,10,2,3,2,1,1,2,5,6,2,4
"839",842,17,1,35,1,4,2,4,4,2,2,1,10,10,2,2,1,6,2,3,5,1,2,6,4,3,1,1,5,3,10,4,0,2,1,1,5,5,6,3,4
"840",843,17,2,67,1,4,1,3,2,2,1,1,1,10,1,1,9,3,7,5,10,1,2,7,2,3,1,1,1,3,6,2,1,1,2,0,4,4,4,12,3
"841",844,17,2,61,1,2,2,4,2,1,1,1,1,5,3,1,2,7,7,6,6,4,3,4,1,2,1,1,1,3,5,1,3,1,2,0,4,3,5,12,2
"842",845,17,1,61,1,4,2,5,2,5,2,2,2,10,2,2,5,7,1,7,1,4,6,1,4,2,1,2,2,3,9,1,3,1,1,1,1,2,6,2,1
"843",846,18,1,51,1,5,4,5,2,1,1,2,2,10,3,2,3,8,1,7,3,5,6,3,4,2,1,3,2,3,9,1,4,2,1,1,4,5,6,5,4
"844",847,19,2,32,1,5,4,2,1,1,1,1,4,10,3,8,1,3,7,1,10,1,3,8,2,4,1,4,8,3,13,6,0,2,1,1,2,2,6,2,1
"845",848,19,1,38,1,1,4,4,1,1,4,1,2,10,3,2,3,6,3,8,4,5,1,2,4,1,1,3,2,3,6,2,1,2,1,1,3,3,4,10,2
